-- phpMyAdmin SQL Dump
-- version 5.2.1
-- https://www.phpmyadmin.net/
--
-- Host: 127.0.0.1:3307
-- Generation Time: Sep 26, 2025 at 09:50 AM
-- Server version: 10.4.32-MariaDB
-- PHP Version: 8.2.12

SET SQL_MODE = "NO_AUTO_VALUE_ON_ZERO";
START TRANSACTION;
SET time_zone = "+00:00";


/*!40101 SET @OLD_CHARACTER_SET_CLIENT=@@CHARACTER_SET_CLIENT */;
/*!40101 SET @OLD_CHARACTER_SET_RESULTS=@@CHARACTER_SET_RESULTS */;
/*!40101 SET @OLD_COLLATION_CONNECTION=@@COLLATION_CONNECTION */;
/*!40101 SET NAMES utf8mb4 */;

--
-- Database: `projectdb`
--

-- --------------------------------------------------------

--
-- Table structure for table `admins`
--

CREATE TABLE `admins` (
  `id` int(11) NOT NULL,
  `username` varchar(50) NOT NULL,
  `password` varchar(255) NOT NULL,
  `email` varchar(100) NOT NULL,
  `first_name` varchar(50) NOT NULL,
  `last_name` varchar(50) NOT NULL,
  `status` enum('active','inactive') NOT NULL DEFAULT 'active',
  `created_at` timestamp NOT NULL DEFAULT current_timestamp(),
  `role` varchar(20) NOT NULL DEFAULT 'admin'
) ENGINE=InnoDB DEFAULT CHARSET=utf8mb4 COLLATE=utf8mb4_unicode_ci;

--
-- Dumping data for table `admins`
--

INSERT INTO `admins` (`id`, `username`, `password`, `email`, `first_name`, `last_name`, `status`, `created_at`, `role`) VALUES
(2, 'admin', 'pbkdf2:sha256:100000', 'admin@example.com', 'Admin', 'User2', 'inactive', '2025-04-05 08:59:04', 'admin'),
(3, 'enny1', 'scrypt:32768:8:1$ezZG8MVHsj7D20Bm$5562e0a4786aa155ac8df9892dcba8e7e788a2e47f9c56f4de6fe7ef75f0009d3a6c4766c9b1263c96a0ced16deb69d86b54c42df5882f119b3c1ad3c6f89ff2', 'enianjola@gmail.com', 'enny', 'Sena', 'active', '2025-04-05 10:54:54', 'admin'),
(4, 'mike', 'scrypt:32768:8:1$DFupAB3T9Um7lewm$dc99d456001393507fa7b4d15e2235747fd3ebbcebb5bc4924852086674090a209d17a7ee77b0792832297a7cf43c7a9efd74a12b42e96f9a706eeb831c30afb', 'st25364@bru.ac.th', 'oladele', 'senbanjo', 'active', '2025-05-22 10:21:07', 'superadmin'),
(6, 'faii', 'scrypt:32768:8:1$0jMnosWKMZMA7jQ3$2b6b3b72af5f18b8fc7cef48f592d4c1393cf119d8bcd45a10e794647c8ab93caa4b532fd3169f30b76d6ac0e94f48fa769dfc6e3f911aeef454a3178eb63530', 'baanthai.buriram@gmail.com', 'faidat', 'OJO', 'inactive', '2025-08-11 12:04:58', 'admin'),
(7, 'testadmin', 'scrypt:32768:8:1$WJttknxt8PPDnxkl$cb3cefb65397e625b6c7c9a07b8a5e0ad7e9189361f4d64ca48e6012b22cd3c33c7e75eee1f0c81a0d63194ada445f47fbda9d8faca152f92957ffcfc8358cae', 'test@example.com', 'Test1', 'Admin', 'active', '2025-08-14 10:59:11', 'admin');

-- --------------------------------------------------------

--
-- Table structure for table `house`
--

CREATE TABLE `house` (
  `h_id` int(11) NOT NULL,
  `p_id` int(11) NOT NULL,
  `t_id` int(11) DEFAULT NULL,
  `h_title` varchar(255) NOT NULL,
  `h_description` text DEFAULT NULL,
  `price` decimal(12,2) DEFAULT NULL,
  `bedrooms` int(11) DEFAULT NULL,
  `bathrooms` int(11) DEFAULT NULL,
  `living_area` decimal(10,2) DEFAULT NULL,
  `parking_space` int(11) DEFAULT NULL,
  `no_of_floors` int(11) DEFAULT NULL,
  `a_id` int(11) DEFAULT NULL,
  `created_at` timestamp NOT NULL DEFAULT current_timestamp(),
  `updated_at` timestamp NOT NULL DEFAULT current_timestamp() ON UPDATE current_timestamp(),
  `status` varchar(50) DEFAULT 'Available',
  `latitude` decimal(10,7) DEFAULT NULL,
  `longitude` decimal(10,7) DEFAULT NULL,
  `f_id` int(11) DEFAULT NULL,
  `view_count` int(11) DEFAULT 0,
  `unit_number` varchar(50) DEFAULT NULL,
  `unit_x_position` int(11) DEFAULT 0,
  `unit_y_position` int(11) DEFAULT 0,
  `unit_brand` varchar(100) DEFAULT NULL,
  `architectural_style` varchar(50) DEFAULT NULL,
  `style_confidence` decimal(5,4) DEFAULT NULL,
  `style_features` longtext DEFAULT NULL
) ENGINE=InnoDB DEFAULT CHARSET=utf8mb4 COLLATE=utf8mb4_general_ci;

--
-- Dumping data for table `house`
--

INSERT INTO `house` (`h_id`, `p_id`, `t_id`, `h_title`, `h_description`, `price`, `bedrooms`, `bathrooms`, `living_area`, `parking_space`, `no_of_floors`, `a_id`, `created_at`, `updated_at`, `status`, `latitude`, `longitude`, `f_id`, `view_count`, `unit_number`, `unit_x_position`, `unit_y_position`, `unit_brand`, `architectural_style`, `style_confidence`, `style_features`) VALUES
(1, 1, 1, 'บ้านเดี่ยว A1', 'บ้านเดี่ยว 2 ชั้น 3 ห้องนอน', 2500000.00, 3, 2, 120.50, 0, 2, NULL, '2025-09-21 22:13:10', '2025-09-25 02:49:07', 'sold', 0.0000000, 0.0000000, 4, 0, '', 0, 0, '', NULL, NULL, NULL),
(2, 1, 1, 'บ้านเดี่ยว A2', 'บ้านเดี่ยว 2 ชั้น 4 ห้องนอน', 3000000.00, 4, 3, 150.00, 0, 2, NULL, '2025-09-21 22:13:10', '2025-09-25 02:49:26', 'sold', 0.0000000, 0.0000000, 4, 0, '', 0, 0, '', NULL, NULL, NULL),
(3, 1, 1, 'บ้านเดี่ยว B1', 'บ้านเดี่ยว 2 ชั้น 3 ห้องนอน', 2200000.00, 3, 2, 110.00, 0, 2, NULL, '2025-09-21 22:13:10', '2025-09-25 02:50:15', 'sold', 0.0000000, 0.0000000, 8, 2, '', 0, 0, '', NULL, NULL, NULL),
(12, 2, 5, 'BAANTHAI BURIRAM 5 SIZE M', 'โครงการบ้านไท บ้านเดี่ยวชั้นเดียว แบบบ้านสไตล์โมเดิร์น\r\n3 ห้องนอน 2 ห้องน้ำ\r\nเหมาะกับคนรุ่นใหม่ วัยทำงาน ต้องการความเงียบสงบกับราคาบ้านที่เอื้อมถึง\r\nพร้อมสิ่งอำนวย เพราะอยู่ในโซนเทศบาลตำบลอิสาณ\r\nใกล้ร้านสะดวกซื้อมากมาย CJ Mall , 7-11\r\nใกล้ห้างสรรพสินค้าชั้นนำ โรบินสัน บิ๊กซี แม็กโคร ทวีกิจซุเปอร์เซ็นเตอร์', 1800000.00, 3, 2, 100.00, 1, 2, NULL, '2025-08-18 11:37:01', '2025-09-25 03:56:28', 'available', 14.9982500, 103.0700600, 4, 10, '100', 411, 130, 'Villa', NULL, NULL, NULL),
(13, 2, 5, 'BAANTHAI BURIRAM 5 SIZE L', 'โครงการบ้านไท บ้านเดี่ยวชั้นเดียว แบบบ้านสไตล์โมเดิร์น\r\n3 ห้องนอน 2 ห้องน้ำ\r\nเหมาะกับคนรุ่นใหม่ วัยทำงาน ต้องการความเงียบสงบกับราคาบ้านที่เอื้อมถึง\r\nพร้อมสิ่งอำนวย เพราะอยู่ในโซนเทศบาลตำบลอิสาณ\r\nใกล้ร้านสะดวกซื้อมากมาย CJ Mall , 7-11\r\nใกล้ห้างสรรพสินค้าชั้นนำ โรบินสัน บิ๊กซี แม็กโคร ทวีกิจซุเปอร์เซ็นเตอร์', 1950000.00, 3, 2, 120.00, 2, 1, NULL, '2025-08-18 12:20:21', '2025-09-25 04:00:11', 'available', 14.9982500, 103.0700600, 4, 19, '109', 230, 362, 'Villa', NULL, NULL, NULL),
(14, 2, 5, 'BAANTHAI BURIRAM 5 SIZE S', 'โครงการบ้านไท บ้านเดี่ยวชั้นเดียว แบบบ้านสไตล์โมเดิร์น\r\n2 ห้องนอน 1 ห้องน้ำ\r\nเหมาะกับคนรุ่นใหม่ วัยทำงาน ต้องการความเงียบสงบกับราคาบ้านที่เอื้อมถึง\r\nพร้อมสิ่งอำนวย เพราะอยู่ในโซนเทศบาลตำบลอิสาณ\r\nใกล้ร้านสะดวกซื้อมากมาย CJ Mall , 7-11\r\nใกล้ห้างสรรพสินค้าชั้นนำ โรบินสัน บิ๊กซี แม็กโคร ทวีกิจซุเปอร์เซ็นเตอร์', 1000000.00, 2, 1, 80.00, 1, 1, NULL, '2025-08-18 14:18:57', '2025-09-26 01:47:21', 'available', 14.9982500, 103.0700600, 4, 13, '106', 277, 300, 'Villa', NULL, NULL, NULL),
(15, 2, 5, 'BAANTHAI BURIRAM TYPE A', 'โครงการบ้านไท 4 แยกกระสัง โซนโรบินสันบ้านบัว\r\n3 ห้องนอน 2 ห้องน้ำ\r\nพิกัด: สี่แยกกระสัง ตรงข้ามโกลบอลเฮ้าส์\r\nพร้อมพื้นที่รอบบ้าน\r\nจองทำเล รับไปเลย Promotions ส่งท้ายปี\r\nส่วนลดจสูงสุด 200,000 บาท\r\nของแถมเลือกได้ มีหลายรายการ\r\nที่นี่ที่เดียว บ้านสวยราคาไม่ถึง 2 ล้าน\r\nเช็คเครดิตก่อน ยื่นฟรี ไม่มีค่าใช้จ่าย\r\nรู้ก่อน วางแผนก่อน เตรียมตัวได้เร็ว\r\nกู้ได้ทุกอาชีพดันให้ทุกเคส ช่วยวางแผนทุกขั้นตอน ติดตามผลการยื่นกู้ให้ฟรี\r\n', 1690000.00, 3, 2, 100.00, 1, 1, NULL, '2025-08-19 08:26:24', '2025-09-22 11:01:07', 'available', 14.9982500, 103.0700600, 4, 10, '83', 618, 298, 'Villa', NULL, NULL, NULL),
(16, 2, 1, 'BAANTHAI BURIRAM TYPE B', 'โครงการบ้านไท 4 แยกกระสัง โซนโรบินสันบ้านบัว\r\n3 ห้องนอน 2 ห้องน้ำ\r\nพิกัด: สี่แยกกระสัง ตรงข้ามโกลบอลเฮ้าส์\r\nพร้อมพื้นที่รอบบ้าน\r\nจองทำเล รับไปเลย Promotions ส่งท้ายปี\r\nส่วนลดจสูงสุด 200,000 บาท\r\nของแถมเลือกได้ มีหลายรายการ\r\nเช็คเครดิตก่อน ยื่นฟรี ไม่มีค่าใช้จ่าย\r\nรู้ก่อน วางแผนก่อน เตรียมตัวได้เร็ว\r\nกู้ได้ทุกอาชีพดันให้ทุกเคส ช่วยวางแผนทุกขั้นตอน ติดตามผลการยื่นกู้ให้ฟรี', 1990000.00, 3, 2, 100.00, 2, 2, NULL, '2025-08-19 08:48:07', '2025-09-22 06:49:56', 'available', 14.9982500, 103.0700600, 4, 9, '92', 488, 367, 'Villa', NULL, NULL, NULL),
(17, 6, 5, 'CASA MALIWAN บ้านชั้นเดี่ยว', 'คาซ่า มะลิวัลย์ เป็นโครงการบ้านเดี่ยวที่ออกแบบอย่างเรียบหรู สไตล์โมเดิร์น โอบล้อมด้วยบรรยากาศสงบและเป็นส่วนตัว เหมาะสำหรับครอบครัวที่ต้องการบ้านคุณภาพในราคาที่เข้าถึงได้ 3 ห้องนอน 2 ห้องน้ำ\r\n\r\nสิ่งอำนวยความสะดวกภายในโครงการ\r\nสวนหย่อมส่วนกลาง\r\nระบบรักษาความปลอดภัย 24 ชั่วโมง พร้อมกล้อง CCTV\r\n\r\nทำเลที่ตั้ง\r\nโครงการตั้งอยู่ใกล้สิ่งอำนวยความสะดวกในเมือง ไม่ว่าจะเป็นห้างสรรพสินค้า โรงเรียน มหาวิทยาลัย และโรงพยาบาล เดินทางสะดวกด้วยถนนมะลิวัลย์\r\nคาซ่า มะลิวัลย์ ขอนแก่น — บ้านที่ลงตัวทั้งดีไซน์ ราคา และคุณภาพชีวิต', 1790000.00, 3, 2, 100.00, 1, 1, NULL, '2025-08-19 09:13:58', '2025-09-25 03:48:33', 'available', 16.2810100, 102.4343200, 4, 8, '41', 800, 1428, 'CASA', NULL, NULL, NULL),
(18, 6, 1, 'CASA MALIWAN SIZE M', 'คาซ่า มะลิวัลย์ เป็นโครงการบ้านเดี่ยวที่ออกแบบอย่างเรียบหรู สไตล์โมเดิร์น โอบล้อมด้วยบรรยากาศสงบและเป็นส่วนตัว เหมาะสำหรับครอบครัวที่ต้องการบ้าน\r\n3 ห้องนอน 2 ห้องน้ำ\r\n\r\nคุณภาพในราคาที่เข้าถึงได้\r\nบ้านเดี่ยวชั้นเดียว: 3 ห้องนอน 2 ห้องน้ำ ที่จอดรถ 1 คัน\r\nบ้านเดี่ยวสองชั้น: 3 ห้องนอน 2 ห้องน้ำ ที่จอดรถ 2 คัน\r\nจำนวนยูนิตรวม: 36 หลัง\r\nราคาเริ่มต้นเพียง 1.79 ล้านบาท\r\n\r\nสิ่งอำนวยความสะดวกภายในโครงการ\r\nสวนหย่อมส่วนกลาง\r\nระบบรักษาความปลอดภัย 24 ชั่วโมง พร้อมกล้อง CCTV\r\n\r\nทำเลที่ตั้ง\r\nโครงการตั้งอยู่ใกล้สิ่งอำนวยความสะดวกในเมือง ไม่ว่าจะเป็นห้างสรรพสินค้า โรงเรียน มหาวิทยาลัย และโรงพยาบาล เดินทางสะดวกด้วยถนนมะลิวัลย์\r\n\r\nคาซ่า มะลิวัลย์ ขอนแก่น — บ้านที่ลงตัวทั้งดีไซน์ ราคา และคุณภาพชีวิต', 2590000.00, 3, 2, 100.00, 2, 2, NULL, '2025-08-19 09:26:39', '2025-09-22 06:18:03', 'available', 16.2810100, 102.4343200, 4, 6, '42', 1140, 1671, 'CASA', NULL, NULL, NULL),
(19, 6, 1, 'CASA MALIWAN SIZE L', 'คาซ่า มะลิวัลย์ เป็นโครงการบ้านเดี่ยวที่ออกแบบอย่างเรียบหรู สไตล์โมเดิร์น โอบล้อมด้วยบรรยากาศสงบและเป็นส่วนตัว เหมาะสำหรับครอบครัวที่ต้องการบ้าน\r\n4 ห้องนอน 3 ห้องน้ำ\r\n\r\nสิ่งอำนวยความสะดวกภายในโครงการ\r\nสวนหย่อมส่วนกลาง\r\nระบบรักษาความปลอดภัย 24 ชั่วโมง พร้อมกล้อง CCTV\r\n\r\nทำเลที่ตั้ง\r\nโครงการตั้งอยู่ใกล้สิ่งอำนวยความสะดวกในเมือง ไม่ว่าจะเป็นห้างสรรพสินค้า โรงเรียน มหาวิทยาลัย และโรงพยาบาล เดินทางสะดวกด้วยถนนมะลิวัลย์\r\n\r\nคาซ่า มะลิวัลย์ ขอนแก่น — บ้านที่ลงตัวทั้งดีไซน์ ราคา และคุณภาพชีวิต', 2990000.00, 4, 3, 100.00, 3, 2, NULL, '2025-08-19 09:41:27', '2025-09-25 16:43:52', 'available', 16.2810100, 102.4343200, 3, 17, '7', 247, 1533, 'CASA', NULL, NULL, NULL),
(20, 3, 5, 'LAVILLA KALASIN ชั้นเดี่ยว', 'ลา วิลล่า กาฬสินธุ์ (La Villa Kalasin)\r\nลา วิลล่า กาฬสินธุ์ เป็นโครงการบ้านเดี่ยวดีไซน์ทันสมัย ฟังก์ชันครบ ตอบโจทย์ทั้งครอบครัวขนาดเล็กและใหญ่ ตั้งอยู่บนทำเลศักยภาพใกล้ใจกลางเมืองกาฬสินธุ์ เดินทางสะดวกและรายล้อมด้วยสิ่งอำนวยความสะดวกครบครัน\r\nบ้านเดี่ยวชั้นเดียว: 3 ห้องนอน 2 ห้องน้ำ \r\n\r\nสิ่งอำนวยความสะดวกภายในโครงการ\r\nสวนสาธารณะสำหรับพักผ่อน\r\nระบบรักษาความปลอดภัยตลอด 24 ชั่วโมง พร้อมเจ้าหน้าที่\r\n\r\nทำเลที่ตั้ง\r\nโครงการตั้งอยู่ใกล้ใจกลางเมืองกาฬสินธุ์ ใกล้โรงพยาบาลกาฬสินธุ์, บิ๊กซี, เทสโก้โลตัส และสถานที่สำคัญอื่น ๆ เดินทางสะดวกสบาย', 1550000.00, 3, 2, 120.00, 1, 1, NULL, '2025-08-19 09:52:57', '2025-09-16 02:35:41', 'available', 16.2510000, 103.3240100, 4, 26, NULL, 0, 0, NULL, NULL, NULL, NULL),
(21, 3, 1, 'LA VILLA KALASIN        สองชั้น', 'ลา วิลล่า กาฬสินธุ์ เป็นโครงการบ้านเดี่ยวดีไซน์ทันสมัย ฟังก์ชันครบ ตอบโจทย์ทั้งครอบครัวขนาดเล็กและใหญ่ ตั้งอยู่บนทำเลศักยภาพใกล้ใจกลางเมืองกาฬสินธุ์ เดินทางสะดวกและรายล้อมด้วยสิ่งอำนวยความสะดวกครบครัน\r\n4 ห้องนอน 2 ห้องน้ำ\r\n\r\nสิ่งอำนวยความสะดวกภายในโครงการ\r\nสวนสาธารณะสำหรับพักผ่อน\r\nระบบรักษาความปลอดภัยตลอด 24 ชั่วโมง พร้อมเจ้าหน้าที่\r\n\r\nทำเลที่ตั้ง\r\nโครงการตั้งอยู่ใกล้ใจกลางเมืองกาฬสินธุ์ ใกล้โรงพยาบาลกาฬสินธุ์, บิ๊กซี, เทสโก้โลตัส และสถานที่สำคัญอื่น ๆ เดินทางสะดวกสบาย', 2190000.00, 4, 2, 100.00, 2, 2, NULL, '2025-08-19 10:00:11', '2025-09-22 09:19:42', 'available', 0.0000000, 0.0000000, 3, 14, '', 0, 0, '', NULL, NULL, NULL),
(22, 6, 1, 'LAVILLA NONGLOUP สองชั้น', 'ลาวิลล่าหนองหลุบ LA VILLA\r\n3 ห้องนอน 3 ห้องน้ำ\r\nโครงการใหม่ เมืองขอนแก่น ใกล้สนามบิน\r\nเดินทางสะดวก บ้านน่าอยู่\r\nพื้นที่กว้างขวาง อากาศดี๊ดี\r\nผ่อนสบายๆ ราคาที่คุณเอื้อมถึงจ้า', 3090000.00, 3, 3, 153.00, 2, 2, NULL, '2025-08-19 11:17:51', '2025-09-24 06:34:15', 'available', 16.2751300, 102.4537400, 4, 40, '27', 497, 653, 'Lavilla', NULL, NULL, NULL),
(24, 6, 5, 'LA VILLA KALASIN        สองชั้น 2', 'whattt', 2190000.00, 4, 2, 100.00, 2, 2, NULL, '2025-09-20 12:12:03', '2025-09-24 12:17:17', 'inactive', 0.0000000, 0.0000000, 3, 10, 'B2', 50, 30, 'Modern Villa', NULL, NULL, NULL),
(25, 3, 1, 'BAANTHAI', 'สวย', 1890000.00, 2, 2, 95.00, 1, 2, NULL, '2025-09-24 09:13:12', '2025-09-24 09:13:12', 'available', NULL, NULL, 8, 0, '', 0, 0, '', NULL, NULL, NULL),
(26, 3, 1, 'CASA MALI', 'บ้าน', 2000000.00, 4, 2, 110.00, 2, 2, NULL, '2025-09-24 09:14:26', '2025-09-24 09:14:26', 'available', NULL, NULL, 3, 0, '', 0, 0, '', NULL, NULL, NULL),
(27, 6, 5, 'KHONKAEN', 'บ้าน', 2590000.00, 3, 2, 100.00, 2, 2, NULL, '2025-09-24 09:15:49', '2025-09-24 09:22:24', 'available', 0.0000000, 0.0000000, 4, 1, '', 0, 0, '', NULL, NULL, NULL),
(28, 2, 5, 'BAAN THAI 1', 'บ้าน', 2990000.00, 3, 2, 100.00, 2, 1, NULL, '2025-09-24 09:16:47', '2025-09-24 09:23:19', 'available', 0.0000000, 0.0000000, 4, 0, '', 0, 0, '', NULL, NULL, NULL),
(29, 3, 1, 'CASA', 'บ้าน', 3990000.00, 4, 3, 150.00, 3, 2, NULL, '2025-09-24 09:18:01', '2025-09-24 09:18:01', 'available', NULL, NULL, 3, 0, '', 0, 0, '', NULL, NULL, NULL),
(30, 6, 1, 'LAVILLA ', 'บ้าน', 3590000.00, 2, 3, 150.00, 3, 2, NULL, '2025-09-24 09:20:07', '2025-09-24 09:20:07', 'available', NULL, NULL, 8, 0, '', 0, 0, '', NULL, NULL, NULL),
(31, 2, 5, 'BAAN 2', 'บ้าน', 1960000.00, 2, 1, 80.00, 1, 1, NULL, '2025-09-24 09:24:22', '2025-09-24 09:24:22', 'available', NULL, NULL, 8, 0, '', 0, 0, '', NULL, NULL, NULL),
(32, 6, 5, 'KHONKAEN 1 ', 'บ้าน', 1550000.00, 3, 3, 120.00, 2, 1, NULL, '2025-09-24 09:25:39', '2025-09-24 09:25:39', 'available', NULL, NULL, 4, 0, '', 0, 0, '', NULL, NULL, NULL),
(33, 3, 5, 'KALASIN 1', 'บ้าน', 2250000.00, 2, 2, 100.00, 1, 1, NULL, '2025-09-24 09:27:10', '2025-09-24 09:27:10', 'available', NULL, NULL, 8, 0, '', 0, 0, '', NULL, NULL, NULL),
(34, 6, 1, 'BAAN 3', 'whattt', 1990000.00, 3, 2, 100.00, 2, 2, NULL, '2025-09-24 09:28:12', '2025-09-25 02:46:14', 'available', NULL, NULL, 4, 2, '', 0, 0, '', NULL, NULL, NULL),
(35, 6, 1, 'KHON 2', 'บ้าน', 3990000.00, 4, 2, 160.00, 2, 2, NULL, '2025-09-24 09:29:36', '2025-09-25 03:06:40', 'available', 0.0000000, 0.0000000, 3, 0, '', 0, 0, '', NULL, NULL, NULL);

-- --------------------------------------------------------

--
-- Table structure for table `house_features`
--

CREATE TABLE `house_features` (
  `f_id` int(11) NOT NULL,
  `f_name` varchar(100) NOT NULL,
  `status` varchar(20) NOT NULL DEFAULT 'active',
  `f_description` text DEFAULT NULL,
  `created_at` timestamp NOT NULL DEFAULT current_timestamp(),
  `f_image` varchar(255) DEFAULT NULL,
  `a_id` int(11) DEFAULT NULL,
  `updated_at` timestamp NOT NULL DEFAULT current_timestamp() ON UPDATE current_timestamp()
) ENGINE=InnoDB DEFAULT CHARSET=utf8mb4 COLLATE=utf8mb4_general_ci;

--
-- Dumping data for table `house_features`
--

INSERT INTO `house_features` (`f_id`, `f_name`, `status`, `f_description`, `created_at`, `f_image`, `a_id`, `updated_at`) VALUES
(3, '4 ห้องนอน', 'active', '4 ห้องนอน - 4 bedrooms', '2025-05-26 08:42:59', 'pexels-pixabay-271624.jpg', 3, '2025-09-16 03:10:27'),
(4, '3 ห้องนอน', 'active', '3 ห้องนอน - 3 bedrooms', '2025-05-27 04:12:50', 'pexels-jvdm-1454806.jpg', 3, '2025-09-16 03:09:54'),
(8, '2 ห้องนอน', 'active', '2 ห้องนอน - 2 bedrooms', '2025-08-19 09:33:44', '4.jpg', 3, '2025-09-16 03:10:09');

-- --------------------------------------------------------

--
-- Table structure for table `house_images`
--

CREATE TABLE `house_images` (
  `id` int(11) NOT NULL,
  `house_id` int(11) NOT NULL,
  `image_url` varchar(255) NOT NULL,
  `created_at` timestamp NOT NULL DEFAULT current_timestamp(),
  `is_main` tinyint(1) DEFAULT 0
) ENGINE=InnoDB DEFAULT CHARSET=utf8mb4 COLLATE=utf8mb4_general_ci;

--
-- Dumping data for table `house_images`
--

INSERT INTO `house_images` (`id`, `house_id`, `image_url`, `created_at`, `is_main`) VALUES
(19, 12, 'uploads/baan_1_1755517021.png', '2025-08-18 11:37:01', 1),
(20, 12, 'uploads/1755518128_baan_2.png', '2025-08-18 11:55:28', 0),
(21, 12, 'uploads/1755518128_baan_2.png', '2025-09-22 10:34:10', 0),
(22, 13, 'uploads/baan_1_l_1755519621.png', '2025-08-18 12:20:21', 1),
(23, 13, 'uploads/baan_2_l_1755519621.png', '2025-08-18 12:20:21', 0),
(24, 13, 'uploads/inside_1_1755519621.png', '2025-08-18 12:20:21', 0),
(25, 13, 'uploads/inside_2_1755519621.png', '2025-08-18 12:20:21', 0),
(27, 14, 'uploads/baan_s_1_1755526737.png', '2025-08-18 14:18:57', 1),
(28, 14, 'uploads/baan_s_2_1755526737.png', '2025-08-18 14:18:57', 0),
(29, 14, 'uploads/inside_s1_1755526737.png', '2025-08-18 14:18:57', 0),
(30, 14, 'uploads/inside_s2_1755526737.png', '2025-08-18 14:18:57', 0),
(31, 14, 'uploads/inside_s3_1755526737.png', '2025-08-18 14:18:57', 0),
(37, 15, 'uploads/baan_4s_type_a_2_1755591984.png', '2025-08-19 08:26:24', 1),
(39, 15, 'uploads/1755592530_453725804_950206476909187_3039174782847369027_n.png', '2025-08-19 08:35:30', 0),
(40, 15, 'uploads/1755592530_475383873_1069696478293519_9211460356204302597_n.png', '2025-08-19 08:35:30', 0),
(41, 15, 'uploads/1755592530_AJtDgRGFrv.png', '2025-08-19 08:35:30', 0),
(42, 15, 'uploads/1755592530_baan_4s_type_a_2.png', '2025-08-19 08:35:30', 0),
(43, 15, 'uploads/1755592530_image.png', '2025-08-19 08:35:30', 0),
(44, 16, 'uploads/27499_1_1755593287.png', '2025-08-19 08:48:07', 1),
(45, 16, 'uploads/27500_1_1755593287.png', '2025-08-19 08:48:07', 0),
(46, 16, 'uploads/27501_1_1755593287.png', '2025-08-19 08:48:07', 0),
(47, 16, 'uploads/27503_1_1755593287.png', '2025-08-19 08:48:07', 0),
(49, 16, 'uploads/1755593318_65857241_902151243453171_2866983385539018752_n.png', '2025-08-19 08:48:38', 0),
(50, 16, 'uploads/1755593318_65857241_902151243453171_2866983385539018752_n.png', '2025-09-22 10:34:10', 0),
(51, 16, 'uploads/1755593318_65857241_902151243453171_2866983385539018752_n.png', '2025-09-22 10:34:10', 0),
(53, 17, 'uploads/637569091994375841-House1_cover2_1755594838.png', '2025-08-19 09:13:58', 0),
(55, 17, 'uploads/LINE_ALBUM___2_1755594838.png', '2025-08-19 09:13:58', 1),
(59, 18, 'uploads/ca196e2b8adceb2c0049beb686db27d2_1755595599.png', '2025-08-19 09:26:39', 1),
(60, 18, 'uploads/1755595732_2e206a2dfc5e8f6c3798204f23d3ece5.png', '2025-08-19 09:28:52', 0),
(61, 18, 'uploads/1755595732_6543f25a293413f0e882bc774c091a73.png', '2025-08-19 09:28:52', 0),
(64, 19, 'uploads/sm23hpc5ytoy5bvrc7wbez1em67ywfjnwkchycdnax0zle1wujl6lacnmsyynytw39nrwmvw213q50czm00zb0jb2ov9pj98j7r6x8v42qix8y2tk6lq3cbdxcbdm4ow.jpg_1755596487.png', '2025-08-19 09:41:27', 1),
(65, 19, 'uploads/1755596546_637569094995476388-CS_MLW_HouseB_cover.jpg.png', '2025-08-19 09:42:26', 0),
(66, 19, 'uploads/1755596546_637569095297626576-CS_MLW_HouseB_img.png', '2025-08-19 09:42:26', 0),
(68, 20, 'uploads/LINE_ALBUM___2_1755597177.png', '2025-08-19 09:52:57', 1),
(70, 21, 'uploads/100051498_163247088548284_6174265717089632256_n.jpg_1755597611.png', '2025-08-19 10:00:11', 1),
(73, 22, 'uploads/v6FEQR4Ihf5bzbiiLYvlPKdcOwnxSYb3uENlOPb2_1755602271.jpg', '2025-08-19 11:17:51', 1),
(84, 22, 'uploads/1755602325_LINE_ALBUM____12_2.png', '2025-08-19 11:18:45', 0),
(85, 22, 'uploads/1755602435_LINE_ALBUM____7_1.png', '2025-08-19 11:20:35', 0),
(86, 22, 'uploads/1755602451_LINE_ALBUM____3_1.png', '2025-08-19 11:20:51', 0),
(87, 22, 'uploads/1755602451_LINE_ALBUM____6_2.png', '2025-08-19 11:20:51', 0),
(92, 24, 'uploads/OIP_4_1758370323.webp', '2025-09-20 12:12:03', 1),
(93, 24, 'uploads/OIP_3_1758370323.webp', '2025-09-20 12:12:03', 0),
(94, 25, 'uploads/66f197b4badb5_25564_1758705192.jpeg', '2025-09-24 09:13:12', 1),
(95, 26, 'uploads/CGSCAPE-ORI-BRITANIA-BANGNA-KM42-SH2-160_190913_1758705266.webp', '2025-09-24 09:14:26', 1),
(98, 29, 'uploads/Lanceo-CRIB---2-cannes-1024x614_1758705481.jpg', '2025-09-24 09:18:01', 1),
(99, 30, 'uploads/Twitter_-_X_15_1758705607.jpg', '2025-09-24 09:20:07', 1),
(100, 27, 'uploads/1758705744_west-virginia-gray-cottage-64dd6bb056057.jpg', '2025-09-24 09:22:24', 0),
(101, 28, 'uploads/1758705774_pexels-pixabay-164558.jpg', '2025-09-24 09:22:54', 0),
(102, 31, 'uploads/beautiful-house-by-McGrath-1_1758705862.jpg', '2025-09-24 09:24:22', 1),
(103, 32, 'uploads/images_3_1758705939.jpg', '2025-09-24 09:25:39', 1),
(104, 33, 'uploads/unnamed_1758706030.png', '2025-09-24 09:27:10', 1),
(105, 34, 'uploads/-2--Banner-DT_1758706092.jpg', '2025-09-24 09:28:12', 1),
(106, 35, 'uploads/jpg_1758706176', '2025-09-24 09:29:36', 1);

-- --------------------------------------------------------

--
-- Table structure for table `house_type`
--

CREATE TABLE `house_type` (
  `t_id` int(11) NOT NULL,
  `t_name` varchar(100) NOT NULL,
  `status` varchar(20) NOT NULL DEFAULT 'active',
  `description` text DEFAULT NULL,
  `a_id` int(11) DEFAULT NULL,
  `created_at` timestamp NOT NULL DEFAULT current_timestamp(),
  `updated_at` timestamp NOT NULL DEFAULT current_timestamp() ON UPDATE current_timestamp(),
  `t_image` varchar(255) DEFAULT NULL
) ENGINE=InnoDB DEFAULT CHARSET=utf8mb4 COLLATE=utf8mb4_general_ci;

--
-- Dumping data for table `house_type`
--

INSERT INTO `house_type` (`t_id`, `t_name`, `status`, `description`, `a_id`, `created_at`, `updated_at`, `t_image`) VALUES
(1, 'บ้านสองชั้น', 'active', 'บ้านสองชั้น', 1, '2025-05-22 08:59:04', '2025-09-16 03:09:03', '3jqkFhc82HKiL2NfFmY5M5TnlMFWbSb5YqQlxOvj.jpg'),
(5, 'บ้านชั้นเดียว', 'active', 'บ้านชั้นเดียว', NULL, '2025-05-28 04:16:30', '2025-09-16 03:08:50', 'baan_1.png');

-- --------------------------------------------------------

--
-- Table structure for table `house_views`
--

CREATE TABLE `house_views` (
  `id` int(11) NOT NULL,
  `house_id` int(11) NOT NULL,
  `ip_address` varchar(45) DEFAULT NULL,
  `created_at` timestamp NOT NULL DEFAULT current_timestamp()
) ENGINE=InnoDB DEFAULT CHARSET=utf8mb4 COLLATE=utf8mb4_unicode_ci;

--
-- Dumping data for table `house_views`
--

INSERT INTO `house_views` (`id`, `house_id`, `ip_address`, `created_at`) VALUES
(2, 21, '127.0.0.1', '2025-08-22 11:12:22'),
(3, 21, '127.0.0.1', '2025-08-22 11:13:39'),
(4, 21, '127.0.0.1', '2025-08-22 11:15:22'),
(5, 21, '127.0.0.1', '2025-08-22 11:15:32'),
(6, 12, '127.0.0.1', '2025-08-22 11:15:41'),
(9, 21, '127.0.0.1', '2025-08-22 11:17:43'),
(10, 12, '127.0.0.1', '2025-08-22 11:20:15'),
(11, 19, '127.0.0.1', '2025-08-22 11:39:09'),
(12, 12, '127.0.0.1', '2025-08-22 12:10:13'),
(13, 12, '127.0.0.1', '2025-08-22 12:17:23'),
(14, 12, '127.0.0.1', '2025-08-22 12:17:25'),
(15, 22, '127.0.0.1', '2025-08-22 14:05:18'),
(16, 18, '127.0.0.1', '2025-08-22 16:43:55'),
(17, 16, '127.0.0.1', '2025-08-22 16:44:04'),
(18, 13, '127.0.0.1', '2025-08-23 02:03:48'),
(19, 19, '127.0.0.1', '2025-08-23 02:04:25'),
(20, 22, '127.0.0.1', '2025-08-23 06:27:31'),
(21, 22, '127.0.0.1', '2025-08-23 06:37:06'),
(22, 22, '127.0.0.1', '2025-08-23 06:49:59'),
(23, 22, '127.0.0.1', '2025-08-23 06:50:14'),
(24, 22, '127.0.0.1', '2025-08-23 07:13:31'),
(25, 22, '127.0.0.1', '2025-08-25 06:12:17'),
(26, 16, '127.0.0.1', '2025-08-25 06:12:34'),
(27, 18, '127.0.0.1', '2025-08-25 06:12:42'),
(28, 14, '127.0.0.1', '2025-08-25 06:12:50'),
(29, 15, '127.0.0.1', '2025-08-26 12:28:32'),
(30, 19, '127.0.0.1', '2025-08-26 12:57:16'),
(31, 22, '127.0.0.1', '2025-08-27 07:10:09'),
(32, 22, '127.0.0.1', '2025-08-27 07:17:36'),
(33, 20, '127.0.0.1', '2025-08-27 07:18:18'),
(34, 20, '127.0.0.1', '2025-08-27 07:22:41'),
(35, 20, '127.0.0.1', '2025-08-27 07:23:30'),
(36, 22, '127.0.0.1', '2025-08-27 07:24:23'),
(37, 22, '127.0.0.1', '2025-08-27 07:28:50'),
(38, 22, '127.0.0.1', '2025-08-27 07:29:35'),
(39, 22, '127.0.0.1', '2025-08-27 07:30:57'),
(40, 22, '127.0.0.1', '2025-08-27 07:31:43'),
(41, 22, '127.0.0.1', '2025-08-27 07:33:19'),
(42, 22, '127.0.0.1', '2025-08-27 07:34:41'),
(43, 22, '127.0.0.1', '2025-08-27 07:36:03'),
(44, 22, '127.0.0.1', '2025-08-27 07:39:43'),
(45, 19, '127.0.0.1', '2025-08-27 07:45:23'),
(46, 21, '127.0.0.1', '2025-08-27 08:13:39'),
(47, 20, '127.0.0.1', '2025-08-27 08:15:34'),
(48, 20, '127.0.0.1', '2025-08-27 08:23:41'),
(49, 20, '127.0.0.1', '2025-08-27 08:23:56'),
(50, 20, '127.0.0.1', '2025-08-27 08:24:22'),
(51, 20, '127.0.0.1', '2025-08-27 08:24:40'),
(52, 20, '127.0.0.1', '2025-08-27 08:25:04'),
(53, 16, '127.0.0.1', '2025-08-28 05:22:40'),
(54, 15, '127.0.0.1', '2025-08-28 05:23:52'),
(55, 21, '127.0.0.1', '2025-08-28 05:25:46'),
(56, 19, '127.0.0.1', '2025-08-28 05:39:32'),
(57, 16, '127.0.0.1', '2025-09-01 06:03:31'),
(58, 15, '127.0.0.1', '2025-09-01 06:08:21'),
(59, 13, '127.0.0.1', '2025-09-01 06:08:59'),
(60, 21, '127.0.0.1', '2025-09-01 06:35:19'),
(61, 22, '127.0.0.1', '2025-09-02 06:53:07'),
(62, 22, '127.0.0.1', '2025-09-02 06:54:24'),
(63, 22, '127.0.0.1', '2025-09-02 07:21:43'),
(64, 13, '127.0.0.1', '2025-09-02 07:23:44'),
(65, 19, '127.0.0.1', '2025-09-03 10:26:02'),
(66, 22, '127.0.0.1', '2025-09-03 10:26:24'),
(67, 20, '127.0.0.1', '2025-09-03 11:09:56'),
(68, 20, '127.0.0.1', '2025-09-03 14:58:37'),
(69, 20, '127.0.0.1', '2025-09-05 08:50:41'),
(70, 16, '127.0.0.1', '2025-09-07 11:41:50'),
(71, 22, '127.0.0.1', '2025-09-07 11:55:31'),
(72, 13, '127.0.0.1', '2025-09-07 11:57:18'),
(73, 15, '127.0.0.1', '2025-09-07 12:01:16'),
(74, 22, '127.0.0.1', '2025-09-09 11:10:37'),
(75, 22, '127.0.0.1', '2025-09-09 11:11:01'),
(76, 22, '202.29.14.126', '2025-09-09 12:28:48'),
(77, 22, '202.29.14.126', '2025-09-09 12:28:48'),
(78, 19, '202.29.14.126', '2025-09-09 12:29:59'),
(79, 15, '202.29.14.126', '2025-09-09 12:34:37'),
(80, 12, '127.0.0.1', '2025-09-10 06:14:43'),
(81, 18, '127.0.0.1', '2025-09-10 07:06:39'),
(82, 19, '127.0.0.1', '2025-09-10 07:14:37'),
(83, 21, '127.0.0.1', '2025-09-10 07:53:41'),
(84, 22, '127.0.0.1', '2025-09-10 09:19:30'),
(85, 22, '127.0.0.1', '2025-09-10 09:26:52'),
(86, 20, '127.0.0.1', '2025-09-10 09:29:01'),
(87, 20, '127.0.0.1', '2025-09-10 09:31:10'),
(88, 20, '127.0.0.1', '2025-09-10 09:33:21'),
(89, 20, '127.0.0.1', '2025-09-10 11:10:22'),
(90, 21, '127.0.0.1', '2025-09-11 04:03:01'),
(91, 19, '127.0.0.1', '2025-09-11 04:03:07'),
(92, 12, '127.0.0.1', '2025-09-11 04:03:49'),
(93, 20, '127.0.0.1', '2025-09-11 04:22:58'),
(94, 22, '127.0.0.1', '2025-09-11 04:31:23'),
(95, 18, '127.0.0.1', '2025-09-11 04:31:35'),
(96, 20, '127.0.0.1', '2025-09-11 04:36:08'),
(98, 22, '127.0.0.1', '2025-09-11 09:42:43'),
(99, 13, '127.0.0.1', '2025-09-11 11:35:23'),
(100, 14, '127.0.0.1', '2025-09-11 11:35:34'),
(101, 14, '127.0.0.1', '2025-09-11 11:35:50'),
(102, 12, '127.0.0.1', '2025-09-11 11:39:39'),
(103, 22, '127.0.0.1', '2025-09-11 13:36:59'),
(104, 19, '127.0.0.1', '2025-09-11 13:37:16'),
(105, 22, '127.0.0.1', '2025-09-11 13:39:47'),
(106, 19, '127.0.0.1', '2025-09-11 15:32:56'),
(107, 19, '127.0.0.1', '2025-09-11 15:34:01'),
(108, 20, '127.0.0.1', '2025-09-11 16:04:12'),
(109, 22, '127.0.0.1', '2025-09-11 16:05:00'),
(110, 21, '127.0.0.1', '2025-09-11 16:05:20'),
(111, 20, '127.0.0.1', '2025-09-11 16:07:22'),
(112, 17, '127.0.0.1', '2025-09-11 16:16:20'),
(113, 22, '127.0.0.1', '2025-09-11 16:16:26'),
(114, 17, '127.0.0.1', '2025-09-11 16:16:33'),
(115, 14, '127.0.0.1', '2025-09-12 02:13:44'),
(116, 22, '127.0.0.1', '2025-09-12 02:16:07'),
(117, 20, '127.0.0.1', '2025-09-12 02:16:17'),
(118, 22, '127.0.0.1', '2025-09-12 02:16:33'),
(119, 15, '127.0.0.1', '2025-09-13 14:26:27'),
(120, 18, '127.0.0.1', '2025-09-13 14:26:58'),
(121, 13, '127.0.0.1', '2025-09-13 14:27:55'),
(122, 19, '127.0.0.1', '2025-09-13 15:38:30'),
(123, 13, '127.0.0.1', '2025-09-14 13:49:07'),
(124, 13, '127.0.0.1', '2025-09-14 13:49:27'),
(125, 13, '127.0.0.1', '2025-09-14 13:52:48'),
(126, 13, '127.0.0.1', '2025-09-14 13:53:06'),
(127, 13, '127.0.0.1', '2025-09-14 13:54:54'),
(128, 13, '127.0.0.1', '2025-09-14 13:55:53'),
(129, 13, '127.0.0.1', '2025-09-14 14:02:40'),
(130, 13, '127.0.0.1', '2025-09-14 14:06:56'),
(131, 15, '127.0.0.1', '2025-09-14 16:14:19'),
(132, 20, '127.0.0.1', '2025-09-14 16:28:51'),
(133, 20, '127.0.0.1', '2025-09-14 16:30:05'),
(134, 21, '127.0.0.1', '2025-09-14 16:54:14'),
(135, 22, '127.0.0.1', '2025-09-14 16:57:42'),
(136, 14, '127.0.0.1', '2025-09-14 17:00:17'),
(137, 14, '127.0.0.1', '2025-09-14 17:02:46'),
(138, 21, '127.0.0.1', '2025-09-14 17:03:37'),
(139, 21, '127.0.0.1', '2025-09-14 17:04:52'),
(140, 19, '127.0.0.1', '2025-09-14 17:04:58'),
(141, 20, '127.0.0.1', '2025-09-14 17:09:40'),
(142, 14, '127.0.0.1', '2025-09-15 10:48:10'),
(143, 22, '127.0.0.1', '2025-09-15 10:50:05'),
(144, 16, '127.0.0.1', '2025-09-16 01:35:13'),
(145, 20, '127.0.0.1', '2025-09-16 01:48:42'),
(146, 19, '127.0.0.1', '2025-09-16 01:55:29'),
(147, 20, '127.0.0.1', '2025-09-16 02:24:37'),
(148, 16, '127.0.0.1', '2025-09-16 02:30:20'),
(149, 17, '127.0.0.1', '2025-09-16 11:40:13'),
(150, 14, '127.0.0.1', '2025-09-16 12:01:33'),
(151, 19, '127.0.0.1', '2025-09-16 12:40:45'),
(152, 18, '127.0.0.1', '2025-09-16 14:03:09'),
(153, 16, '127.0.0.1', '2025-09-16 15:05:59'),
(154, 24, '127.0.0.1', '2025-09-20 12:12:26'),
(155, 24, '127.0.0.1', '2025-09-20 12:15:26'),
(156, 24, '127.0.0.1', '2025-09-20 12:19:33'),
(157, 24, '127.0.0.1', '2025-09-20 12:24:18'),
(158, 24, '127.0.0.1', '2025-09-20 12:24:33'),
(159, 24, '127.0.0.1', '2025-09-20 12:42:01'),
(160, 24, '127.0.0.1', '2025-09-20 12:42:43'),
(161, 13, '127.0.0.1', '2025-09-22 05:37:19'),
(162, 24, '127.0.0.1', '2025-09-22 06:12:22'),
(163, 13, '127.0.0.1', '2025-09-22 06:45:30'),
(164, 14, '127.0.0.1', '2025-09-22 06:47:54'),
(165, 16, '127.0.0.1', '2025-09-22 06:49:01'),
(166, 15, '127.0.0.1', '2025-09-22 06:49:10'),
(167, 12, '127.0.0.1', '2025-09-22 06:50:52'),
(168, 15, '127.0.0.1', '2025-09-22 09:15:37'),
(169, 15, '127.0.0.1', '2025-09-22 11:01:07'),
(170, 24, '127.0.0.1', '2025-09-22 12:48:11'),
(171, 13, '127.0.0.1', '2025-09-22 12:50:42'),
(172, 22, '127.0.0.1', '2025-09-24 06:34:15'),
(173, 27, '127.0.0.1', '2025-09-24 09:20:28'),
(174, 24, '127.0.0.1', '2025-09-24 12:17:16'),
(175, 14, '127.0.0.1', '2025-09-24 14:30:20'),
(176, 34, '127.0.0.1', '2025-09-24 22:00:12'),
(177, 34, '127.0.0.1', '2025-09-25 02:46:14'),
(178, 3, '127.0.0.1', '2025-09-25 02:47:28'),
(179, 3, '127.0.0.1', '2025-09-25 02:48:18'),
(180, 17, '127.0.0.1', '2025-09-25 03:27:01'),
(181, 17, '127.0.0.1', '2025-09-25 03:29:21'),
(182, 17, '127.0.0.1', '2025-09-25 03:41:46'),
(183, 17, '127.0.0.1', '2025-09-25 03:43:00'),
(184, 14, '127.0.0.1', '2025-09-25 03:47:12'),
(185, 17, '127.0.0.1', '2025-09-25 03:48:33'),
(186, 12, '127.0.0.1', '2025-09-25 03:56:28'),
(187, 13, '127.0.0.1', '2025-09-25 03:58:15'),
(188, 13, '127.0.0.1', '2025-09-25 04:00:11'),
(189, 19, '127.0.0.1', '2025-09-25 16:43:52'),
(190, 14, '127.0.0.1', '2025-09-25 16:45:19'),
(191, 14, '127.0.0.1', '2025-09-26 01:47:21');

-- --------------------------------------------------------

--
-- Table structure for table `image_embeddings`
--

CREATE TABLE `image_embeddings` (
  `id` int(11) NOT NULL,
  `image_id` int(11) NOT NULL,
  `house_id` int(11) NOT NULL,
  `image_url` varchar(255) NOT NULL,
  `embedding` longblob NOT NULL,
  `embedding_type` enum('visual','style') NOT NULL DEFAULT 'visual',
  `created_at` timestamp NOT NULL DEFAULT current_timestamp(),
  `updated_at` timestamp NOT NULL DEFAULT current_timestamp() ON UPDATE current_timestamp()
) ENGINE=InnoDB DEFAULT CHARSET=utf8mb4 COLLATE=utf8mb4_general_ci;

--
-- Dumping data for table `image_embeddings`
--

INSERT INTO `image_embeddings` (`id`, `image_id`, `house_id`, `image_url`, `embedding`, `embedding_type`, `created_at`, `updated_at`) VALUES
(1, 70, 21, 'uploads/100051498_163247088548284_6174265717089632256_n.jpg_1755597611.png', 0x8004958d080000000000008c166e756d70792e5f636f72652e6d756c74696172726179948c0c5f7265636f6e7374727563749493948c056e756d7079948c076e6461727261799493944b0085944301629487945294284b014d0002859468038c0564747970659493948c02663494898887945294284b038c013c944e4e4e4affffffff4affffffff4b00749462894200080000ccd3ec3c99e9813d517e013e8eb2bf3bcc58523d8bc5463bfc8be73c46c4243cb3ebb83cbc6e633db076e93ccaf2163d6373e83b22a9eb3bc4882b3c79c3c03ccec8a33c4c362a3da8f08a3ca2c7af3d0a558d3c8f5f003e5753e93bf77f053de26cdc3c9c0e3e3c7857153d76b5303d8a548c3981603c3d6c11a03c4481003ad903863c45bea23c901cfe3bf7b0a63c65df223ea2cf9b3d748f7e3d1a135e3d1be0133ceeeb273cb877383b8e3f6f3da463c23c9850ee3bd76d2a3d00000000e52f7d3cb640fb3aad0bc13cafabb03c2a6b933c4f65633c8c9ed63c96873f3b0c1af13c362288386074863ab1a5553ca89fab3ce4f7ad3c9208043db691a739e6fec33ce6fd443d13f4593ddcd3483d2824143d12d6833c53b75d3bb0bf9a3cf3f7263cc343363d3987a33b1666923b5fd1dc3d4565c43d7b0d823c901bcb3b1512913c235d613c378a7b3c4e9bf73c0b77133d9e86aa3cd1c1c23c3f10853ba6818a3db724f63c722f9b3dfb13973c22b99f3c27a6853b1286ed3b47ef8b3c666b923df5282e3d3f19ef3d508bb83d8e2d393c32cc7a3d866b1b3a7f5b6e3d44f54f3b57cd203de6ae703c27d4093cdcfa993ab810ad3dee7f373d0a83933d089d183c824a1d3cba592f3c84f89f3c07fe0e3e5e1cd03ca214523df2d1f53c3aaa203cd14a473d0c28353c8267783dc20fd43be729a83b2cd72f3da448e03bd0766f3c6d91543d5ec5e03cccf4bb3c6ce6713cbe739d3cffe4973c293bd23c5208783a18e5a53c7e2fe93c9d95de3cdf7f603bd64c85394b77d53c261e863d307c843dd2e4243c16df4b3da91bd53ae82da53c5b633a3d4b32da3bfa389a3c0329533c6791273b087d053d8ddf633dc9e88b3c9741a03c5377913cda7cd13c1d63273c0274293c4a74b43c644c2d3de1de623de2260e3c2f724f3d16afbb3de04d183c1d5bf73ba647623ced101f3ce893793d127a103dffa0c63cfad23d39e7dd2d3d000000002d97963dcf181d3cfc97923ce6c1323c6214f93c7f0faf3caa78803d02816a3ce099603df9a62a3dc1ff54389c064a3de836bb3c06c5153b4cd48c3db456cc3d2940513c6a66de391f3f1c3ca7bc673da41d773c546b103c67c9353bfc6e463d0c1b603d1e95f93ba9be7f3d958a653c9377543d3854313bb0ac703c8b40b63c4f22e33c5601ef3b0d80513dddf21d3d1dab843cb402b83a09bfbb3cbb6bbd3cf0190d3d7b5db7389d5eed3daa489f3de7b1da3ccac2383a1b370f3a35b36f3dcceb823d82f8153cc27f5e3c367e5f3cf187603c6823e33c317b363b860fe33b1e493d3c92b8403c1659c93dbc588e3deb91723931c6c73a4a402f3a4098813b6483783b9214413d4c44413b8da2053d8d219e3c0cfa173d0bb76f3cf314b93b292cc73c5edb873a2422f83c7734133d7870403bc9b8fb3cb51d9f3c26de3b3df36dae3d1504903a9517733d3b4e6e3d9dced53d36fa123d6dd9e43c23f6df3cedb0863a400bb83c5afc133d4ac5493d2ecdac3cb5ccd53b2189093c79f48f3c60129a3b7dc8623d4821213db14d9d3c27be873bf449e93bfe39c93aa0bf5d3c06f4c03b1dfff73b3865233cda6c163b4f6c233d702b823de456bb3c2f28133bfb34b23d92708b3c3c51153db559f83c341ea03a569f173db101663d9807b73db900d03cf930a23bab389e3c39a1683cfa570f3c7e63203d2dcbc53d344bbd3980a07f3cc48efc3c3ed70a3d9a6a2d3b5a9f673c90c09b3d8bf6513e4318063d07eace3bf7043c3d0dd31d3d64dbaa3c1d391a3db9c3713c6017203ab2d9e23dde97f83abc84b33c1056b13c003f813d8e83a93bcc0bb03cae0e5e3ddcd5c53c8b74773d93989a3ca1d8573c1f8a073dad73323cb586cf3c0efc763d96b92c3d904da43ac01d083b0545a43b4c9a113ce4dbc63c67fcd13b7f7c013dbf29f13ce99a093bc603cf3c959f023d8580ad3cf4a3983b02b1dc3ccd410d3d1f527d3bd6621b3c2d388c39b331d73c4eaee93c8a7a593ccc44143dc9c35b3c7e71663d8747fc3b65a1903b87aece3c1246ba3cb7851539ec4ceb3ce2eeec3a2a2bc73b81c14f3dd71ee33ce6b3003d409d013d7cfe073c003e9f3c3b25523c5f37383d161d9f3bbe48bf3c2373633ce9d8083c323a4e3e310b2f3dc73e8b3d962c6f39a4e8a73d43f3d13b73473b3d29f70b3e5bec003e56da4e3c1c58263c8e05593c7b10203dce78be3b6324793cd81b813bfa4ed03c8e76a83caf525f3e025d2b3b98e5963c1fd1a43d991b323cca8208388849903db9d56a3dca654b3d97f5333c3461c93c70c9143dbdb14f3d29e4533d2836fd3c0ae2d53c9288593c2ec79f3dec4c413b1c08da3c48b0ef3c0e8a7f3ac502fa3c7f09543c83acb13ced8b6a3d12a93b3c8aac3d3de78b6e3ca727933c951e923b6d4f6a3caf8d1e3da1e5d83c277af03d43168c3d8d1c023d04ec9a3b5332273df1e6113dca43153d4c6da33cbfa4963b0b88013dd4e5b73ca53a8e3c7752203ebc5e903c0eeab13cb0a6ea3c8624233d32194a3de72a2b3ed865c13c05dcfc3ce0e0363d6563183d05ab923b2216fa3cb0ea873c2f23c43bc89bc83c1eb1433d52a5f53c22e0533dc81b803d83a1e13c4a087f3c7425a63cef17f53c77dcd23dba41b73dc8624e3d76b5893c5343ca3c8a90a13bf8e2233cf265823cb932553da21ec73c42538f3c149d233e7752da3cdb82c03caf0cd93cf9799c3c62b4163da525d33b64bb483dd428753cb082ab3d7e41813c83d6543b0316d13b4c51073dc2032e3d6ac6493ce65e693b2032d43ae59f343c38115b3db858483d4485673b8881193e97ca173d9d885c3c7ff3803ac614cc3bc38d8c3dcd58163c4ed3973c2108cb3b947494622e, 'visual', '2025-09-22 07:44:45', '2025-09-22 07:44:45'),
(2, 20, 12, 'uploads/1755518128_baan_2.png', 0x8004958d080000000000008c166e756d70792e5f636f72652e6d756c74696172726179948c0c5f7265636f6e7374727563749493948c056e756d7079948c076e6461727261799493944b0085944301629487945294284b014d0002859468038c0564747970659493948c02663494898887945294284b038c013c944e4e4e4affffffff4affffffff4b00749462894200080000f5ce2d3d03c53c3d5072323e000000002878123c6006ad3c1718873df1b6ef3a1f63cf3cc0f44b3cb63e963cb9591f3dfc60803c00000000dca89f3c01ae113c727bd63c7f4ca338058b573b3345223d97a3c53b7a95843d1daf103c2f60073b458a423d9ce95d3b736c0e3dbf12503d8a9fba3b29d8553c982aa83c5c65843b00000000e40f213dd265413ad7adc73ae192b53d71b3513c3f071e3eded2573d0875283c7415b23b4446753958feb83d3d6e1f3cecaf863b5e52a73d00000000f0e6313d88149a3bc6fdde3be14ad43aff191f3bdec9073b85375d3d5248ce3bbb8b863d0b588639eaf3463ce29a293cf2f4413b9339163c63b16b3c000000000691b53c6c53803cf921b03d5bbc283d7311163d00000000f9403939e3a5023c5d3a323d9e40473db37dda3bc1444c3c195d203e8c98553d27d7053d9454263b898f4e3bfccb0e3c3f6eed3cee6b8d3b0f5b103e3fe39b3d7028413c3752573c2b41b13ce33a953be6c9823d67e2d73cd556bc3d21147c3c44e8bc3b64b3c13c55935b3d110a1d3da0f3e73d9144fd3c9954023da988e3390ee7b13bf4940a3d46b2643b8c869d3c9b9fc3383af4b73b0814c73c238dce3d61fd413cbbe6743d5317143d5956703d000000009f951c3d0926103e8793693d304d773d71f21d3ba379243d9639a43ccb684b3cf66e963db00a223b4042d73c7322323d8123ac3c80649f3da5159a3ca6446d3c70e5373cd394a03c29a3fb3c49236f3ddd65193c01d2ce3b3fc7723c85516237000000008b310d3c59ad433b317e033d94d7883c306f503cdfc77d3ca837e83ba32b233c5771303c722b083d3d568c3b5aef403bf31dde39891ddf3adbe3d23b3351a33ceed40d3ca756a73b0000000097f7c43c76cbdc3b45b7e03c7f9e823d7e9e6c3d4b107f3d8dcba23c320d533d025c173d51fe5f3cb234873c59e5213dbf8b8b3b1f64fe3c52c80c3b407ebf3d6df1583ae68b483d9cc82d3b5718eb3c068d263b1aa78b3ac5aa1f3b0a57653d32a61b3d4b9b803d2ed1ab3b4ae71e3d6f318b3c73ce823b1e61733d82d8273b0314c83c7993973dea901c3e0386d13ced20db3b06b4ba3c6786df3dd851213ca5a806380804213afe84163d1d8b373de4710b3da664313dcf63023dca9ca53df953db3a55bc713d944b4b3d6373893c8321273c3772dd3ccf7f3c3d0694553890a3523c235c863cef233b391a915c3a991de63b6e0f413d1fca733d6013203ad3485f3ccd028e3cfb0b313d281c053dab23803cba3cfd3b89ab973b0bf7823b87689a3cdd289839e2a6ae3c000000004bfc383c1899f03d19166a3d9add243982d375395adc73393458d73c004d263a5181843d7821493c7c83283c3490903d478d9f3d0820b83c92a77e3b00000000306c3d3c6c89983c2640ce3c9e00b53caf31263c5a11083d2908963c17cde43df55f9539b1a59b3b77deaa3bfc20103e1125ad3b79ef923b2e1b363c8f1d433c9166be3cee92aa3ce7c499394937833c7ce3903c906bf23c4515723d0780023cfdc6b63d50f3413d2943863ae73ab53c2abf3a3bd43db93b2b0dd83bcb3f493c40ab053b21f5633b765d423b58292d3bca19053dab355c3caebc393b4fc3113eb648233cd495ac3b3278773de1f5dc3cb3c8003d56c8be3c20dbda3df7a3e73cf7cd503b81e96a3c2ab29d39133ffb397958093e23fa573e000000008a8a023cc8ee0b3db3f8953df1a3963b90c46b3a38fd553ceb29fd3dd326ea3b312e4a3ba7c65a3d0f23963afa43153b389f233ccee5e83b74a7663cb2a7043d8802083c701a1c3b00000000e7e1393dc892273c425f413bf55fcc3ab529553ac6a0eb3d3ebafa3bf31f803b3f55dc3989b0323d9aa0473d1f88c23daf6bbb3b0dff233dca34ce3cb6bd2c3dce00d33de9329b3cc07e2e3d2bd6303d5aa9f23b00000000d7b6653d4c80f93b01b91e3c9dc1d83964fc853c6f00423d1bf4e33b000000000caae53b08f03b3895e4a43c23e3323c60af653d00000000bea9783d51b86d3b4194e63a0bccd33abe06923ca98a7d3ba978b13aba9a993cdf87373a88b6253d058a8c3c3188513c2e2a55383d6a993dc89a2e3c622b9c3d1c07173abe0d0c3d1e07213c1dbc243ca84f613c8d84013e1415613d4e22793c56d2263d4e307b3c40409d3ca49b0f3db70b383e8311d03dcdd2633df4eab23c0a18803db408883cd2cd113a314f883bd453e83c34490a3ddff5c638faf80b3e1368ea3ba439523d2ff7bd3deb01473ad30fcf3c7986473de1335d3cb878073dc950813d802aa83b06c3543c2cefa13d032e263d138d3f3cc48c333d5f5b003dfbe6113cf8975e3c7bec333ca903c13bf4b57b3c6aaa683cc193213c9d41cf3cd1b3983c3570733d31670d3c7edea03c77af2b3d8b9c9e3a9c63723d94c6dd3cee917e3c067d4c3d0144bb3dcd9d4b3dacd973383a19063d09ad6a3ce60bfb3b8eb1333d641c143aa144833c6bb7d83cc928e53bf48f903d0000000000000000a4e5283a94e7693c2588243d9a451b3eff8c973d2c76af3b2ae9693ce822893bd1421c3df0fcaf3c0e33113dd487da39832b2539aca1843a4e1d3d3b5ee4d23dc822243d4d4b8a3dba408c3d8ec9473cb402963c5072bd3d85ecaa3ceaef623c4f671f3dc567723d29fc0b3bc576523b5fe0c43b11ca2d3bfa2d2b3d48c7703cb7e9cf3d1e5d243ddbe9343c432b7b3c3ac3663b0eafcd3c0f2d143df9834e3c082b383d257b9d3d1098dc3a180a6a3a904b9d3aba038e3c4ea5603d2eba1b3c05c16e3d7f95243cf6e2893cc69e573ca76bf83c22d6bd3c32ebf73d66a9343b876b853ad67c173aefed433da69d3f3dbc28b33c3059413d7bf8883d947494622e, 'visual', '2025-09-22 07:44:45', '2025-09-22 07:44:45'),
(3, 21, 12, 'uploads/1755518128_baan_2.png', 0x8004958d080000000000008c166e756d70792e5f636f72652e6d756c74696172726179948c0c5f7265636f6e7374727563749493948c056e756d7079948c076e6461727261799493944b0085944301629487945294284b014d0002859468038c0564747970659493948c02663494898887945294284b038c013c944e4e4e4affffffff4affffffff4b00749462894200080000a7bb5e3b4e25853c100c713d6f90a73cab72f03b6b26863cffc6e13cdcc1613ad0634a3c4047c43d48a4a63c0000000033cd493c71658f3c4e95bf3b13debe3cc54a113b30046e3d1e8add3cd20cac3a3c00203a73fd093ee4fb2f3b5841b63ce4be3f3b65a78b3d9da6c83d0dbcaf3d71bbb23c70646f3d17a6d23a0cd48e3c4eea4037f3d10e3b41b46d3c1d1c413cc0a4073e20c78c3d3c148c3d2c80f93c15a8be3c2185733c9f2dc43cfc04c83c413d6b3d71ba683cbc82483c92d7293d176b9c3cd3b2d63ce6ffea3c9618313c7345da3c98108b3dbe6b12390862713d45f6aa3ca1c2443d000000008576633b0141653cb668c33d3f36a53c299db93b9578133dfa49513d8440da3dac6d983de812bd3c66d1103d95c65a3ce6cc103caf46e53c0daaa63c6c4a113d45fc1a3c731c873c7895863d64cd203b71f8bd3bd43f153c998a073dc27e023daac2ac3d4712273d5a19073cc0eaa93c80653e3ccbd7273e5213c83d09e8183d8e920d3d5c4f643c31ab0e3c66bd2c3d93016a3b0685233d5540eb3cc4fa743d86392c3bb848293d67bbff3ca73f203c6bacad3c4c189a3ac9c07a3c7f53293c6377713c0a27c73cdca9c83d8ca3d53c1288993d4aba273df9528d3b1117bc3dc9a6873c9451f33cd48ad13c1308423dc8223c3c59eba43cb534113cb6b5763c0eaa063d1d5a863d30fe513c363c833d2db8e63c3a27133da66bff3b380cf538554dc13cb5db143c02db113d7e4c793c43eb4f3c54ce853c3d4bcf3c7fde0d3c3dcab03c0cbc833bf5d6a73ca4ae563d23e13e3bd8f5b03bb4bbc63ce785b83c720cbd3a3662c23bdaf2923c96211d3d8e1b3f3b838de03d8ef59a3c2806053df7b98c3bfb94423c4056583db3a53c3d616af33c14d7b33c0baa1d3cdb64193c7229f13dfa714d3d2d51a03c9969f03d8d4a9c3c1130203d4384683d5025753c44c7253cdcfc9c3d301ea23cb3d6123ed6d8fe3c90c20a3ae136ce3c67bb6c3cacf01e3d767d493d583cfd3c9d7ef33abe74a13d957c953c6921483d4de0c33c7839c03ccae5903918a2153df0351a39c83e9e3cc3515b3d88369a3cc78f473d52997d3b8f19ac3df1a17f3daf42803d09915c3d2b6d0a3ac8f6f73ca6ca573caa04193c7ce0203cbe1bd13a132b123d5cc21f3c2bbc993d6580c63ce7cfb43a0699e43b34c2593d11b8103d5302573dc220f53cf1e99c3c0c18d23c45bb8c3a1e67813c0331b53d6ff9ed3c62459d3ce222593c2ec8073d062d2c3dda58913c07f0a83c2ee7623d3c15c53c8a6d813cf8a6e23c27058f3cc49b8a3ce2bd503be0f4e63cb2f1293d886b143c000000000e15c63b00000000f5c93a3cedd1c43b2e86273c73ef373d9dfa0b3c3d07113cf300003a135f113d537e153d5ffb303d1ad6873c94a9de3c7dcd5b3ce8e8d83d3677b23b7fbd513dc0720e3cd225703de4d3953cdd7b663c74a2ce3c99e4323d4eb1203b0617e43cf5a8f33d97c1573d6afd243c4db17e3cd721ef3a9c0dc83da9b1e63c1c23e53cceb93e3afac9b63c520f593c5d83473c3f47723ce5e1143cd296f53b9cde553db51d523c6d77683d273c833d1129683cce1c5b3c4919f73cab5dc83c74f1343d3add5c3de7398c3cecdfa23dec550b3df84b943cf88e3f3ddfef7c3d4798953dc8e54c3ce5ea213d764f683d3d787c3c0ff0923cb04f043df983933dd9ea893d60768f3c833c673c7bab8e3cc31cc43d0b0d043c14c84e3d23cf743d4458243db3a6253df735f33cf88d9e3d95ed003d79af6b3db8c0173d7cbb263da563ea3cff44c73de4b0913cbebb2e3cc768d23b775da13de9a3b43cf0b4ff386e0a193dba28133df82a143d6b4da23c2a90d23cb1b1153d296ba73d7e968f3c4a0b953dd99d1039fd3d843ccb98d03c84c2b33c8c05143d9447bd3ca873c53ba526033dbd549c3c6c56cb3c074fa93c7adbe63cd528803dfced363dd4fb543d5e368a3d618bda3c77f2813bf4012e3dcf11b23a2d7f993cc850a43dbea2ad3c1ebda13cbc70223d06c6b53be1b71b3d6099de3dacebf13b5100073d644d983c891bde3cac4b5e3c1912143cd114083d6b44133d970dc73cec361f3cc6bd393d18d79f3c6616a33cf563c33c76e35f3d1acb5c3bb2d3633ba2e6363e43e37f3ddc0a1a3b0e16053d3cef5e3ca46b033b94d4c43c7b55943d7fe3b43d31f3133c20d2453c4437893cb659f13c0402173dd501c83c885af93cdfee0b3dbaab013d7c0ec33bded23c3d0e67023d5ef4983cc13f5f3e57a2ae3add13063d58e0bf3d337acf3b4ed9ce3d48c52b3d49e4513c39c6173d1122f73c0515163cfac8da39a9f4e83c12940a3d6991573c93ff833d9b75243d7dbf0b3d430ffd3c51bb403d2215343d4b00fd3a4c90633ddd59e83cdb42e63c94da753be3b8163dba86113ca900903c12d1483cdf24fa3dda80b63de270633d80a6823b1a206b3d1c321e3c261d193dcdce343df2202d3c680ad53c94d64d3c7a59c63c2e48323e69f38c3bb89fd73c3cf14c3db4ce2a3d35de4b3d458c033e6b8e2a3c9933ce3c37295e3d2cb0233de76dfb3cdc52ce3c9f800a3c58e8f13bda69b83b57080c3ce163ee3b3f171b3ccb8f8e3dc078163d62a2033c1a47df3c7848563c2145b93bd2a01f3d64feb23c32174b3d918e083c3ff1833cedb29d3cef7cc63c171fb23b558b043ed042613c24474c3c01a5c43c2a80e73ca0dd963cc575813d1025093d4341673bfb9e763b77c78e3b58f24e3dbc471b3d22fffd3c9602503d449e353ce263843c2c4f163c4719963d6785c23ce0aab13c20cdb738ff89c53d93b1e43b11d7d93d0a13053b9626173db07cf23bb110763d3c8d143d9de9633c6ddee93a076b363d947494622e, 'visual', '2025-09-22 07:44:45', '2025-09-22 10:34:10'),
(5, 39, 15, 'uploads/1755592530_453725804_950206476909187_3039174782847369027_n.png', 0x8004958d080000000000008c166e756d70792e5f636f72652e6d756c74696172726179948c0c5f7265636f6e7374727563749493948c056e756d7079948c076e6461727261799493944b0085944301629487945294284b014d0002859468038c0564747970659493948c02663494898887945294284b038c013c944e4e4e4affffffff4affffffff4b007494628942000800000601b43d75f5a33d29f7c93d8767233d80a05b3dc4008b3b116a883dfd332a3c98e4463dbd59963da66c813d8a9cfa3cb223253cc8e49f3bf5e5e23c181adc3d9ece0b3b604a9f3d8686823bdf3e853de222063b0f53253d3910ff3c5992a83d5840ae3c0fa51b3daffd963c12504e3c641f2c3d565c2e3ba160f73d38d67a3beec5163bec42543c20bf273d3d251c3c1b7c933d07055a3e4132c63dc079f03bf536113c9c10633aa6d2f63bc25f833c1339c53d23565d3b4e64533c5903a33ca95f4a3c135ca43ba714893c8369d13d13fbc03c62f7503c5f03363d87c0653d4918033da7fcc93be7ec283cac1f6d3d1a8d223d0b2a353d4022483c5fa1e23c3837f23b35b82c3ddca0a83c6a8b343d63e9ca3cc111813b4e2b6a3baa87c53d9b74ae3c06bd943c0499153ce63f353cd5bef33cf4d96a3dc8fcd33c00000000d63a123dea45083d2641d53c0905053d89b1c73d49b9ad3ce3f4893ca9c7a13a80f2cd3c293ee4390953f03c1c28a43c090ae53bfb6e4a3d4170123de6a1463cba13df3d735a523d0e863c3b3a8f273d6fe5fe3c224bf63b074d693c8707323d215c383cdd169c3d4d21853befdc863b930b9b3c067f323dc381123be5aa173bfc7ab13c783dab3d09994a3c1a32063a3b2d9b3b3649fe3b189f7d3cf4fe653cf9a3be3d972fb63b5d3eab3c0d991f3c592da93cd085333b9a24c73dcb580b3dd6df493cf1fffa3d296abc3c3f093f3c8eede63b4881893c6492463d59e5053d16bb613db485983c277a573d969d9a3bef92633d48f52a3c0443ca3c408e5a3d91ba523dcbe3643cc2c0863c0c3db33c9f461a3cdbeb873cda23e93cd9ad913dfd5d273cad4ba93cbd64483d9d00143b2ce9c93cf13eb13c3dbc7f3cb868023decc0e43c9ccf303dd6780f3d3457853db591493cd484623ccc0ecb3b5e1f3f3b642a6d3c40b4893d08cb803b424fc13ca00cff3a856a373cc7483a3d99b1e03ae2a6bd3db836033c5a01b23c8dfab13c60de0f3d1f2b3f3c07bdd23867d87b3d31719f3b3f54003ddfc8103a8d62e03b24ed8c3d41bd9a3cbcbf4738bdfe293b7abcb13d6e11923c6c197e3c7ba6d63cb4f6c63c29fa4a3dcfd96f3de887cd3c3661153cf25f9a3cae3ad93c952c8a3d6da29a3c2fdd823b0c78c23d58c3e63a8c20043e43a4e03c20503b3ba7dc283db2b0533cfab4653b4d89663c4a87d03c2c561d3d9fb39e3c6c0b803aaa17373d0faa673dc22e4c3de74b4b3d2203813cd826c03c7b18673dd5b6e13c000000003181eb3abdf3873d4a037e3ca4b3b73c9022a03b37102c3b4c2cc63c1efa3a3c6c015b3dbd7d573d53c51f3c121f9a3cef46113d04d60b3c0816433d44de883c5c1b853af75f103dce265e3d9afa003de4688d3ce2462a3d6fd1053c60fa6a3cae5ebe3c88a8243d06ef283aa9d0413c996d053cf7b4893d39a4403d68aeb93cea4b893df3e3d23cbf99023df5e4243cdd080b3de07a0e3d01d64f3cf14ec33bc390903dd3160f3cf8d9bc3cda990b3c01318c3cc54b96396f7a0b3c80d8123e73b5093d7dadc43c4d4a833c23c2023d5ffbea3b58d1563c6c40743dec2edf3a5fa6013ddc8bd13c68370a3c1fdd8a3de9cc103da3a55b3d5e2bc03cd77aa23cd16e9c3bd74e603ba6d5bc3c1180123e4d784c3df1118c3cbfdb133dedbc853dcb14883d48ba533d5cda023d4b5ba03c59412e3daf0f713b65f9383d46de143d37d5c33b36d6493aea19c63cf9dbdd3babc0be3b30b71b3a316a333d6633dd3da012923c00ec9c3b58fc8a3bf6dbab3db3b8bf3bd743a83c30ff953de440133b2c51f03bf3cee43cecc6ca3b40aaaf3d5e23a13dfbc3d53c40b5813c7acc2f3a00abff3c8335343cf4b9d73ddd1d283aa16cc63c35090a3c5b58cc3cc031cd3c1f68e53ce462923cd43fb43d631b9b3c535c9d3c1375bb3ce6fecd3d4862013da192a43a75713d3cb337f63c7911693dccfa7e3b68e1043dd11cca3dfce9363ac882193d0d5b203d34b6f23af1a96c3d0a89963d62b7b13d6a379f3c64703c3d7c53e33c72aacc3cb7a1dd3d4bc69f3b8802993d45481e3d1772893c5e71103da5c1a13cd783bd3d1686713c32315a3bc335713cb81baf3c81c8303ce0e0783d6fcc1e3d43854f3dd0205a3dff6f633d5c0fe93ba90d4c3da578b03df9c5163cbf0f463b9f24cd3c9bbfdb3c70c3673c29d0063d975de13c40b1bc3b6a2d5c39dd37233c6045c23ccb15f73c9dc54f3d44f7723d325eb23cf9026d3d9ccbb23c9209993c83dc8d3de670013e323aed3b7db17a3d63dafa3c0bc5df3c7d8f173dc56c4b3cba4efc3d192ccc3ce0a9e43c000000008c125f3b3f84f13bed60233d6550d63cfd08db3be0416e3be166373cf7a90e3c76a6783cbb0c133a7b85803b4e26ca3c79cef93cc0ab063dc11fe33c19da823d2d42403d525f993de6040d3d635ac63da3bcc83dad39043d3d75b33c7356dc3b9994313c31973c3cf20a8e3d1de1c73b2221853d21838e3c9fe4293d5da3233b1724ef3c8e73733dd4cf403d8125703e4c39943d4fa60c3c84baef3cdc3e923d7d94803c51d6903cd4684c3d3e888f3cdb30e43c3de30c3dc29c253da3776c3dbe950b3d36720f3cfec61d3ca27ee53b1d7bd13c530c193d47ab173c99d8f43c65031f3d024ca13c6c22833ce8ac7e3c4fb8d73bffc9143d6ebfca3c35ddbf3b1839633d9c6e683c9f78ac3c9777b03c9fe09e3d0570ab3c2dd02a3d15e7623d6c077d3a2408783d2c21963cc1f9563c6bc94f3d0ca3373b213bde3c1d1f133d751bf63c53c1983bcedba93c36dc4d3d3102683d0c33f53b55c33b3dd58af63c4805943cca66db3b3090063a26800c3e10609d3c401b463b1f0f573c947494622e, 'visual', '2025-09-22 07:44:45', '2025-09-22 07:44:45'),
(6, 40, 15, 'uploads/1755592530_475383873_1069696478293519_9211460356204302597_n.png', 0x8004958d080000000000008c166e756d70792e5f636f72652e6d756c74696172726179948c0c5f7265636f6e7374727563749493948c056e756d7079948c076e6461727261799493944b0085944301629487945294284b014d0002859468038c0564747970659493948c02663494898887945294284b038c013c944e4e4e4affffffff4affffffff4b007494628942000800003668d63d5b619d3c8a16253ea31ec23c00d4463cdc70b73bd7052b3d644f5b3c5bd7843bed8b433cd366113d5b5c853b02e4913c934a473c33e30d3dbc825a3d47a43e3bfab9fb39f38e8a3a9c94023c21373b3c8d41b63d4907fa3a0f1a113dd767713cb328b33a2f92203b016b8a3db93690396c2e573b5c94153b24e3ba39ef81223977d6043d68beb23b000000003804293e180ad83c2495fb3dc3fddd3d000000000e0e673b9505983b32c84f3dea78fb3cd9ed403bf34cc13d0000000085b6823b5521203c3276983b760f113b39d2713b00000000464c593d41b53d3b3b465f3d5c6c00393d3a953a461d313d6c087f3c52ab633c3f66033cb114b1394218bd3c54523c3da012ce3df9e1853d584f2e3d493b0f3b8b5ddb3b9a5be73cb3b5203d9fe05b3da48e6e39b258273c11ce963d4311ed3dd1cba33aed496e3c85a3c23b22157a3c17ffa53ce83d283c77ca8a3da7a02c3de80562391967e63b77b8593c50c60d3b4c3e723dcf7a283d6a35223dfd35f93a002efa3cd8ae46399abe233d8e8bdf3c0286e23d00302d3d1af2023c2d5fa43b8d11933c4d58033d844bc93cf253fe3b000000005d3f3d3c27d4c03a98e9f13dbb6c1f3d9127853d6f8bf93cb3b7ec3c000000005e22903c70e78d3d4083003daf1b213d0535063d187bc63bea65b23bc1d7283b4b6e033d9ac8293cd7df693db0aa653da41ab23ce70b593cfa98693c14722b3d5a72b93bb28e5b3afa51553d54db253df7ca3d3a9a16823abd72573d2e25a93a00000000fe34a13b955c6f3c0a92c73c6b40a93a6f3c3a3c444a0f3d5d919f3cce88773ce277f33b23404c3ca3c59f390fb40d3d9aeefd3cace0453bbc629c3bb2750d3bf1ec1a3d436a223cd8af5d3dd7ca0b3d57ec053caf97ff3cb9e20d3d63f0bd3c7f719a3dfa6c433dee8c6c3d8ca4793dc21b433c7780303b08610f3d9c41203bee5add3cae4e373c126dd73c97cc65365d769b3c9ac72338360c8e3d00000000a854853b94cec13a5280353d7118083d9f5aaf3d4daf203a3d58403d0fa8fe3960ab7c3c0400dd3ce16f093994409b3b67dd923dd6a0fc3d0b63323bc986de3a1ea4a73c2d01b13dd82ec23c9ba5b339e1c9a13a1b51f33d4000443d06add93ca985313dfb88163c006cc73dfe4b3e3b08d8143d7b89013d9b744f3d01231a3c762fbd3a7261f63dce37a23c300e0f3c14453f3ca94b443dad09273a6d108f3ad9c5a13d7be1aa3c5129e63c3bcd4f3c6708f73aaa967f3dea43c73ced5eee3b37228e3c0530543ac3f6bb3b1375733de179893cf606f03af672513a755cb13b7d75213eebd4583d00000000f1f2103cac57ac3ccbe7e93a00000000f2e63a3d2d6f7439a383323b53f2c83be04ecc3d30171b3cb55ce73a09bc053c32345c3a3753af3c05c9573dc2f2c83bcbe0cc3ba144323d00b5a03b41e7f73da2936a37489cb83aae0d1b3a9a63273e78027e3c81798d3c3ae01a3d8124ab3b26aa2f3d7001cb3c00000000b6e6883c5b2cd73c0f36163dbbd6f73c2ff8b23b762cd53db801bb3d00000000b2daca3c5d66d73af2c2693b50cc803c00000000d1bb793b30dcd13a000000001ea6083baeda623d00000000aa9a0e3c0d82903d2b6b6f3ce0c5a43bac650f3d00000000a73cfc3c31d97d3c8242ad3d346e383c53174a3c96d4e93cb3eaea3af8f6083c4383483d9101e93d9346843acbd9353b2205223c5e12b23d3e25293cfc2a3a3c64a6873ba0cf1a3e5dae483b8365293b10f73f3dab18e7393a463a3decbf013d5debb03a92c3283c9784e23d7383843ce587ea374fcc093a7749003e137384395ea4d13cf84d733c8413763c3710563d6dde433a1a5b583ccc372d3a266b0b3c6e13bc3c4b4b0c3e702c873c82a3823da0a25e3cffd6b23cb4fe9f3bdb28123d92f5b43c9865163d6bc0163c11bb613ddde61f3da2ee2d3b00000000ca6d5a3ab820bf3b65739c3c304ab23cf44edb3c000000000ce5513cae20893a2903993ba38d973d987e44398a618b3d560b803ab0dbe03a81ca093d67d14e3d3945e13ac1ff6a3c54d5023db9fd4e3b09d8063d2628ea3a0158073d57c2cc3c28aad33b00000000adc4423df0faae384674ca3c8695323b2bba663a2f09713a28a0493e7edf6a3dbf95553c9caa113d4c17f53c3316de382144ba3ca017003e0c66083e48d3123d6800583c6d7b423d0809253a1c64b23cc6c5753ac8d32b3a1ec0e73caaa7bf3c05d3fa3d0d671b3c8943573db422bb3d00000000b3f5533cfa4c893d6d56e63b53e8b73d9c94813d96b32d3d7e82393caa7bd53de967483d48ab2b3c04a7263cac6eb43b31fb693c0de2d73cd93fb53b20e38a3cd636c73c6206f63b7969dc3ccff1103de2558a3cf99c153d20b2e23acee98a3dcd88ae3c826f273caa682e3cb883603cd088b53aaea4d03d5e0be23d2fa99b3d0000000077ecac3c7ce42b3c000000009ce9673d9e8f4f3916b6d33c3de66c3bfe879f3c346d7e3de3d27f3971ac7d3d13ef5f3ae25ab93c066bfc3c92122a3e95ae9c3d761ad03c9ced603d376fa13c3152573d50f6113d45651c3d9dc9de3ce233b63ca81de03c2f21343d293b593dfcbd413d0680863d50f8923c68fc0b3cc0e87b3c1679893dbfe9f33c24e3773ccb39023dad88ca3cb6c28e3b83fabf3910a19d3831fb243c3c05313d93955d3cc5db0c3ebe60843c00000000b9a6fd3944284c3c07e92a3dd2895b3d733cd83b9b5a153dd28f753dc691d73c3a48603b14e1f23bacc77b3c8165e13c2c76ec382da59b3c035d8038533ccc3c4b7c633c02d7753de647283840afcc3d5bb1993c0000000000000000e578803cab42b03dca6dd43c076d6c3d5424e73c947494622e, 'visual', '2025-09-22 07:44:45', '2025-09-22 07:44:45'),
(7, 41, 15, 'uploads/1755592530_AJtDgRGFrv.png', 0x8004958d080000000000008c166e756d70792e5f636f72652e6d756c74696172726179948c0c5f7265636f6e7374727563749493948c056e756d7079948c076e6461727261799493944b0085944301629487945294284b014d0002859468038c0564747970659493948c02663494898887945294284b038c013c944e4e4e4affffffff4affffffff4b007494628942000800008da0983d0cef103b3fdb243ecd485b3c47a392399bb0403cb057613d15100b3bc5b2403cb747233ca7d2533cd5dffd3a70ea0c3d77b3a93cf3f7403b8ef5093d4873a73c3600613cec4dde3902885c3d2b00eb3c1857b83d62eaf23bda63e53ca6030c3d49abfb3b2de2e23ca9aa9f3d9a46d13a8b88403c9d951f3b75fde33a6e585b3be770a43caf8fd73a00000000fe31223ec45e6b3dedf9c93dffd4393da044073bc2418e3bb4c0da3cee1c6e3daef1023c346c9c3ab767c53dc0c24b3a7dc5af3a985a0e3beb99d53c5a6e6f3cb060733900000000c0c7963d39e65d3b51249d3d56a3893a1dc95f3c3b36f93c5630363cd00d323db5e8a83c38b9c13b3192333df9c3753d053a9a3d9ba2843d214e253d9e46113c0b26a83b9e5b183ca5028b3c7df9053dcda0223d0beb4c3b32430c3ef46dfe3dbedc943c3d70173d12d9083c25cd213cc055bc3c4768563b6c3ea23db0fa243d22c7d33b3b90a03bf3ba423beb572d3b4531633d90a0603da8485b3d31ad973b794f4c3c517a923b750ef33c7198f43cba2d103e0bd1763d6e4d5c3d645b1f3c6df7e53cd4544f3dd435fe3c2261983c000000002a07d73c2a2de83ba2c2fc3dae9fcf3cf05a913dc515ff3c53abbf3c000000000e221d3df361d63ddb7e7a3d5c12443df69de13ca803d13b1e14313df7c7943bd1c78f3d2880223c6eaad33ca2a6233d1f53bf3cc0e0503da6b5963c36508e3c4377f73c4725cd39fe6cbb3cf4df243db5dd6e3b5afb393968f6193d000000006fa4733c2d9d923c3e685e3c440a903d9967413ca325263ddc74e13c330fe43c4ef2c83b80572e3c7d21043dce0dce3a82cb283ddda30d3dc85a4c3a85f6803c085bb43b692b913c75a67b3c516f8a3cd8aacb3c483e8a3b0fb15c3cca77c93c5881f13cc638943d87f4bd3cf909823d58428f3dd867393c3219493c2c203e3d34909c3bafecf23c7188b33cfb08513d6cd5153b3aa9013c3054023b6917df3d16a0d43af02bdc3b650a943c5626f43ca2f0753d45238a3d367f0339dc3d823dbaad793dbd97b13bc86deb3c982a9f3a5bc51f3c2fc6833dc2d3153e8569bc3b0697ce3b400b8a3dc2c0c73d6f0c2f3dfb59173b1c24823b9636063e8f76203da272053dc6ba8b3cb97dce3bc3fec73dac68183c30b21c3dbd7b823ca86d533dd5d6003b1730d23b6287e03de0b1a13c91ecf83bdd8cdc3ccec80f3dbaa95b3c8e0d673c0485793d14f9223dfd9ba53cc8b5473d19e2bd3c5c11263da82d3f3d0c29953be230d23c630c0e3c4b9c373c2ab6923d7156ab3c6f2b183cd512a53b00000000a123283edbffb53d7d54de38efa9453b1716873b37d2c73c5d8a3b3b5787b83dbcb32d3cc1e32a3c9f3bdc3cbb5fb73d157e953ced77b73a8ea3e53c2f7f233cbc7c383d4cc07c3deb93c83cf5a9053d0dce143d277a273c5829933d995450397123953be3da863b04a8013e1a54af3c2edc033cbf2baa3c06a4b13a9a46233d11f4743c167a0839cbd8243c24ab793ce4a3003c821a433c62290b3acc425b3d4e954e3df9686e3b32baac3cc074b7398a7e913bd661983c00000000154db03b130e743945c9783c4f2e343bb3f2443dbdc0a43c219e6c3ca4a6c93d7267293d636b773c2bdee03c4d2ea43b7e61933db761a43db05fb83d2bdbec3b205ac73ab164083da32e033b0712c53b6a35cc3de91ddd3de67f79396577a73bd4ded73cffa1a33d74b34e3b1ab5a03c94fba43c4c71c73d02a1aa3bbc8b0d3c30be8f3d7bcc843afc25043d5c7ed23cfa65463b45c67c3ca219e73dcb8e9e3cde14dd3a000000005dacb53db17e823b9c592d3c6c50e23cad22093c3191193c000000003ad8123d7153bd3b0fb9403bee547b3c6394b03dc326f13c9410373d3fd2993cbdaf993cfa13df3c242b4b3dbcba2d3c506f353dba5efc3bea26543da403b33c7808d73c9d89133a00213f3b4f32603cb005d63c5223b83bd43f503c63d33339826e173c8f34773cbafcfa3c67fd8f3d92bf1c3b9169843cf0df5f3bb1dc7c3a71fbff3c1433003d3b6ec13cd4d99b3cc5f0563d3f18ae3c8e3b013d2853a83cddf0763dd67ce93b8513d03c03ee0d3cd691303db71a4a3b4e16ff3b91a85d3c3cc8c23ad1e63d3c6278133ebc5d553d10fcce3bf55ec83c06d0183d000000000f58733cf449d53db07a093ec06dd93cddc2e23c877c1c3deb3cff3c7a37df3cd1bfa53ba898983c4e32f03c0827923c0affc03daad2933c0a914a3d399fad3d85a8833c9e5b713c25162e3dd5f9a13b5e4c0c3d051e1a3d0bc0283ce4c03b3d1b8acf3d81f01e3d4fe5d83ca08e0e3ca5ba8a3c563c153d5546a23c12ba833ceb3f593c45d6dd3cd3fc393ca2111b3ddf14b23c9d95123cf3552c3d2c45b43b837e823dfd46ec3bb919fb3acb53333bc907383c6c648b3b0461c63d2914c23d62e2573d5aaf9c3a14a0323deae8323cae42593c5d29aa3d7d51f13a8f90393ddfddd43c326df33b87be883de144543b1e67613d3c535f3a03e5973c2c25903d2e171c3e0344593d8b4d0a3cf7114b3d9177003cdd6d273ddf09393d0ed7023ddc5a2d3d722f873c62d1dc3cc7a1853c5e52ad3d19ce903dfb120a3dd0f1243d46668d3c09a89d3c0489863d3902183da353c23b1a1f5d3dc949933c20fb9a3b02fa223b3cd6073b7d4ecc3c49391f3d0180943ccfd2d53db8e62a3d00000000dd90023da3f51f3df7978a3c4778d83c6e40dd3c48c03c3d3f1a4e3d88cc993b018dad39b5e28a3b12ed1c3c09da343cbe69163bd7e2843dc4e7703ccda9393d45b91b3d12733d3d6d5da93cabb91c3ea4b4c73c95b00f3b822e3c3ad7c4513bbef5a33dae01be3c9d6d243d4c73c63c947494622e, 'visual', '2025-09-22 07:44:45', '2025-09-22 07:44:45'),
(8, 42, 15, 'uploads/1755592530_baan_4s_type_a_2.png', 0x8004958d080000000000008c166e756d70792e5f636f72652e6d756c74696172726179948c0c5f7265636f6e7374727563749493948c056e756d7079948c076e6461727261799493944b0085944301629487945294284b014d0002859468038c0564747970659493948c02663494898887945294284b038c013c944e4e4e4affffffff4affffffff4b00749462894200080000d839a93c1c9c573d8af4833d5f52223ccd1ecb3b413ab63d36a41b3dd49b043dd98bbf3d86d6aa3d03e3193d94b0373b6572a23b335a643c6d9a5e3d471fe43c4beaca3ab7a2673be546173c3aa94d3de6a4303da1b1833c43a70f3df80a043dcd352739f268cd3c0625733c5c6dec3c3700883d42fe793cb5faa23d563e5b3d03c22c3d60eb4b3a03819d3c53a0883d42182f3eee0db63dab1d933dbe2eb23cc70cf23cc0d16a3b8ea3a93c51681b3d69f6b13c2d19813be4901f3c3e54313eb7dca83c6258a73c9833453d6a1d853d9fce403c9d16b23c4e35f23c1530033d1699263d5d4e393d5404ba3a6a5daf3c8b68f13bb239ac3ac7bad63b691b6a3de4080a3d9bfda93b6679623d3fbd203de5b9013b3651f33b1d89883c6e176d3b2a59ad3a98c89d3c6228783cb2f1493cd7334b3bf04d1f3d30add238c1d7f53bc8c09c3cfa9c963c89a1043dc1f7d73dfde5253da0c1373c7b66333c000000008ec44a3db6551e3d0ee0e43cc9a78a3b6667123d79677a3c05b25e3dc9430d3d063a203e49c1653c3a866d3da78e8d3cdb45cd3a921c1b3dd29d0d3df8a12f3d0204293ced130b3c5762043b954eba3b4c76a43b0d86933d449b233d73b6a23db03d4d3c8046a13ba609563d7c1b3d3cc310f83d7966ed3b3e612b3d5afcf73ba9ba033d74b46a3ddf8c593cb4c0753dd4ecdf3bbc54d13a72cc9f3da895233de905803d5c3f893d99f1913c46ce023cd1c1ec3b5498d83c34dbaa3c067da83cfc23ee3c824af23c353dc53b0059dd3d45dfd83b7f5ab73b564c6e3d5770073da4fffe3ac76e723b9aa2013db497213df6718f3c0994863bda4a933d8b3bc43b1d1a643d2a371f3dc94bfb3c5b47093cdc7b4f3c072ac53cb6deb93c5c33573d00b01d3d00000000daef913bc480773d0b0a0b3b5270d93a71027a3cf614763bf4fb143b1f24a33c5447793c109cfd3bee13f83d74f4fa3bd8c0cf3b936f913d9367ca3aa1e88f3baa63bc3a911c243c07dd0d3dabf3993c30122f39e2b8dc3cfa24983dbbdb0c3dada7463a3da78b3cf9d8943ce43c153b71e622397e79c83b2a6ec83d0000000027d8993dcf59b03ca97e0a3c6ec7d83ce0f8043e102b913c6e22603bb4f4123d42631d3ae349563beac9433c7be79e3cfae0803c2d161d3d16e6833de5cc173c4c9b5c3cbee3203bbfd5803d0408b43c7aa6833bd95c543c8458003d2bbf463dc65bf53c48f0943dbf01b23d04bac93c5055113d3bbcb63d63f2483c5c5b8b3d5e7fff3c30cd8e3cf0d24f3c3f6ff43bc87c0c3d4dc7873ceab3e73b7bc3cf3bbe8dab3aa2f8333c9c991d3d89b1593c8c848b3bbc46273ce0f73b3d3f06a43a001d933db961f83cb37e463b996fb43814dc363c087f083b9dc22e3d7bb96b3d3439443ca6901a3c8574d6396edf273c7ef8933c14c8533abb95b83d0c88ca38dbad0b3d9c88213d4869343dcb34dd3c962b953df8dd0d3d32d38b3cd3fb013e50d6703c941c423de766a63cb6aefe3bf775983c3aadbf3c68af363d51da1c3c2c02cd3b5326533d79c2cd3ca21ec03c8455633c380d733c5b70e13c5373a93dc24e9d3b7ed81b3ce4f8ca3c497a683b48a0b038bc905c3da0081b3b72dcca3c4b4b5a3db0fe813c2bac013deb19913b0631a63c77f8963d96d32e3d570a1a3cc895923b34be123d7a522f3d4ad2a53c31b84d3c4a2d2a3b323bd23cc899c13c8b8a3a3b8af090394c1d1d3dc6ac073d6341ad3bd9715d3d212bda3b0e271e3d1f552c3ca320a33dea935b3cf5afa73c26185e3c1933513df897043dec06d43cc22d653d00d80e3d22f3c33cbfa0e13c7e9efe3d42cb863c75ca143cbc540e3ce22e7f3c15393b3deb25123a40023c3d0ac4a83d9f648c3de2513d3de3708d3b5665833ca9505b3b69dd773ded63313d1117473d59ef813c6557523dfb19953df866303d6e58823bc5762f3d5768fd3c96bb3e3d74dfba3b84e0743c6c16c23c5844923a64afee3cf758e63d05da8d3cd9edc33c99d1133b8a4c123dc395c23b19781c3d8abbf03c2a371a3e30de293c12de373ddb48ad3c3b49af3d28664f3b11f519394963663d72a8313d5201843d176fb73cf987483cfce7933b4dfa053de3a51a3d0ddbd83c100d673a67c44e3de806223e605c8f3d9b957f3b1677913df77a963c442df93c3ea2673ba7d6333c3010963ce822b53c007a763ac6df993c4567d53c63da693caf098b3c54bd883dd54cdf3bf5b0283d399ad43a1d35083d7230273dfe356c3b3e54513ea592fb3bb3e8483d947b7b3c36b4f23c731c693d4eaef63ca3fe2e3c8bdf823d52aee13cae041f3d28b48b384f93f73cdf37833ca53ecd3ce673393d324f353ca0077f3b967a353c6987893db53c0a3af690943c84a7243d38a40b3d39335b3c8909163d6f3e2b3bd6a99b3cb4228d3dd990123e65f4e73c81914a3d5274843d5f47df3decd2ed3bdd97ec3c66b6ba3c7fa71e3c8a7a843b323d3b3d9bed8b3ca401033d77a4483e96e6243c885f8a3cdca0dc3af03dc03c3f0e5e3dcf94ea3de399243d3fddd33c0a0a233de30d943d47b20c3d51f1ba3c89d2a23b374d883cd6bcf53c0035873c6d8ce73ccfc9053d1647af3d7c7f233c0676413d9cb2233c8450bc3ca328323a2f747f3bbf53923c5c81a03dbf38353c35c273394193743b569a9f3cf686823c845d903d9cd27e3bffd72c3c39667b3c23f8433d7dec133eada6933d559d1e3da7395939939deb3c6d6e573d6ca6f13c1370813da3e7b13cb228483de0c4593c4143053da873a83b0a10f23cbfa7203c1f366b370d3bcb3ccd31293dc3ee943b10bda93c4b8a893ab738423d146b343c3a09173ccb30e53d31765a3cefc6453c7c0ba03b947494622e, 'visual', '2025-09-22 07:44:45', '2025-09-22 07:44:45'),
(9, 43, 15, 'uploads/1755592530_image.png', 0x8004958d080000000000008c166e756d70792e5f636f72652e6d756c74696172726179948c0c5f7265636f6e7374727563749493948c056e756d7079948c076e6461727261799493944b0085944301629487945294284b014d0002859468038c0564747970659493948c02663494898887945294284b038c013c944e4e4e4affffffff4affffffff4b007494628942000800009fa1033d758d5e3cef819b3dc78aca3c7e90123c7169b13c69f6a53b7937b93c1f6a9a3c6669a03d3116213c8012cb3c699cd63c53b4af3b522dd73c4472283d03113e3c56f86a3d92e8a23bb8a1723c7925593c48ae763d386c623bedf2fd3cce1e4d3abf06213df57ac63ce7a3573c9104d23c09f2bc3cbac83f3dd7ca6b3d4660b73c53a2b43c4cbb563d69aa613bad9f663eab16dd3d4a30d93d91c9023dbafecb3b9162363d572d203ddeb23f3dcc29073dc4e1b63cbf3bf03cef3e853def3f153d6745ed3804ea663d44f95b3d33a5cf3c3be51a3d9f28323c64c2813cf1f3563cdc69f13c00000000db50f93cf2d89a3c35a2813dd923093dfc025b3cf339543db4cb843d38c2693d6824573d8ddb383d7685113c5f0baa3c99971b3dcf587e3da5662e3dbe471c3cf6ec923a7037dd3b750c963df7b9c13b9c32163aa48b143d2fec9d3d1c66cc3b2c7c5f3d0e9e4a3d90ee473cf16ea43c3756c23c3b0f663dff4a4e3da51d753dba4ec53c4d82093d273b803adf70fe3cd7d6f43ca437c13d0f98303d6a3c2b3c3d89c03cef0eb93bc419873c44859d3d0bb9b73cb7f7f439b965233c2fc1863af633f43c9f98db3cbaebe63d9653b83b682f1a3d55779f3d3030bc3c966dfc3c53a5003c5049d63d433cd53cc166a43c0a40d23ced82093c822f003c46c7d93cdd9f003dd12ace3c5940273baa4ebc3d02b00f3dd107433d159f843de788f33cc0dd573cbdb5a63c58d98e3ca5d9ef3c2148cf3c5ce61b3b97bb9e3cb569c23c8ee4933c880e2c3d528a743be3e3473d0e8c873c45a0c63c063b763cefa6a73b3242f93b345f533cc4e00d3d2b832e3d08c1703cd6556e3d056d153b446e213cdea28c3c8239973b04ea593d8721903ce0b9c03c7bc50b3d6e37ee3c9890943cb013153ef0055c3cfa6aaf3a5ba9f23ca1c4253dd5960a3c30721c3d1aa83c3cb6eb883c9994223d2f99af3b8d83db3cac6d2e3d6bb42b3c4912323ca2d48b3cf98cf73ba1d3ee3cc241d33c3dc8ce3aa1a2e13cc157cd3c4fb84a3de7c6543c8aad7a3c212fac3b744bb93b9001e538f0ef9a3b5ca1103e611ad33c2317fa3ca4ae073b99c4983c5b79ee3cd536833d87a89b3cd11eb83cd784fa3c61c70b3c1318e23ceef09a3bd1a2733c7de1063d1fcdb73cf2b5733d55363e3cb563833c55a8873b2a1fdd3c6ffaac3d82ed293d8575303d4eff183d37f63a3db572243b3a76493d519e8b3d49e1153d3322593a5df2513d8a841a3d5b7aad3da7190a3dae32b43c79013f3dc5fb833d5544303dd81a333cc736153c6bf46c3c73c7213caf91703b9ad7da3c091cc83c1237223bab5a9a3c677fba3bea55b43cda550f3d51fc5d3c2dde393df39a393c1aaa453cd9dca43b5490003ce7af083df28b8f3cb7f3253c0004d53aa2a0a23db28c863c5aac033d087b6c3da98d0e3b5f0a9f3dc0af8a3c6ef71b3c9519113c8cc1a13c8e92333a006cbf3c95a0d13dc562453d1053d43c7d4ad63c2c66163b2a01093d8438973cb1a5a83afe6c483b24235b3a198d863d5adae03c4d770c3d8faec63cb56c633b022e603c9d97ee3b1c38883b6bad853c2810103ba9c6643bfde20b3d3e4afe3c79c9503ddb2ed53cd95c033e9bc3723cc53f5d3daf58a63ae7fb713d5c72483d484ef03d81989a3ced5cb33c6cbf903da1d3553c04052b3c691d0a3d05b8393dcff7893d03d5ec3bea0d173b3e1a8e3ce5a9ba3d2b0d313c6720713da1b4b33db2dcae3c63d6ce3cd5161b3d22d3973db7550e3c060d423d7075273d0c87513d43fa733cec99593d789dad3cf37e0c3aa1e08b3c4721193d4b759f3d69b7ad3bcf942f3d357f753ccc8bb83cc2d78e3ce2360c3d395cb73c170fa73d71ecc83c8a7d833dc874863cc35c5a3dc646863c0de7bd3c2f58333c56d40c3d0e8f8d3b6cf51c3d7ad7623db0890f3de60dad3cb1f75a3ddaaaa53cb8fc623ca3dab73c572a213d33800a3defa1d33cd809db3c2bf84f3db290d43bb55aa73b8635d13c25fd083d0f9fc63ccdd1ab3c5db11a3d606d323ef0f46f3c09a7243c746da33b3b481b3dc456dc3c9ace9e3b0610133dd0dd533dadaa0a3c90c5663b53733d3cf2ba6d3d63bd573d82ce243d4b8fc63c149d303ccb0bc53c213c1e3ee1f3493da2ebc73a85819a3d7f06883c706d533cf425493ba90e853d594f2e3d00000000f071073d6127ae3cb5341b3d4ad6183ddfb6a23b943d113d9e1e463c1e1df53c66a2c63c204faa3d5134db3b4ea7d53c7afc2c3eca69613d498f2a3dd643843d2c8b463db6b2983d3e163d3d9338493d2b7dbc3d4e7a6a3d652eee3c14bad33a89e3913c20480c3db426613c10df6f3d3955773df7b6333de6fd343d01eaae3cf43bf13be975b03c5365403dfef6a53c550b1a3d768afd3ba08b3b3cece38e3de2778e3d1abfa73dddfc333ed791443d6ae6673d43126b3deb2e243d4e4b433c78d99a3cb2d3933cf1f85a3c9699453dbe7be63b5b7cac3c167d383eb5b0463bb18b633bd7cbb23ccf70a63c9a4c2d3d53c1063ebc86023d2f259a3c9302163d2b7e7a3d7e24853c0899b53c1a7c953c51447a3db09b663be3def73c263c753d3b02fc3cb5c2c13d11cb8c3cf681a63cc490f93c0bb5733c5b67433cc6a0673d834c573c5c45193dafb26e3b627c19381f968e3cfac69b3b143cca3bd35b523d2236163b8b30023c9720323c707bbc3cf8e3f53d78e0ca3d0f6dac3bb043db3c7a17113d9db67d3ce305933da017d43be644723ddd372e3d397f243ca8570f3c8d11f33c2bf4323da6b80d3c2981bc3c5774803c5ea5763ddc5d483cdb64203dcc52423df418593c8be37d3b4135743bd9bccf3dcb26653dba2dbd3b25fa943c947494622e, 'visual', '2025-09-22 07:44:45', '2025-09-22 07:44:45'),
(10, 49, 16, 'uploads/1755593318_65857241_902151243453171_2866983385539018752_n.png', 0x8004958d080000000000008c166e756d70792e5f636f72652e6d756c74696172726179948c0c5f7265636f6e7374727563749493948c056e756d7079948c076e6461727261799493944b0085944301629487945294284b014d0002859468038c0564747970659493948c02663494898887945294284b038c013c944e4e4e4affffffff4affffffff4b007494628942000800001201433d4afea13d98f2b73db5102e3c85952d3d483ace3cbc48b83c90f4973d3e59ce3c78ae213d7c58013da9e1743cb26c1d3da76f023be8aa693b7c13a63b96d9773ca7738e3d09491e3b49e3d63bdaf7b03b2e45703c87381a3beab3ef3d63c146370db0163d2a360e3dd78f5f3dd6bc4e3cdc33823c2062443cdecd323dd7cc193d5b10573cea3d383c835f673d55ff383e5caa033ed02d7d3dfeff5d3de583973b81e32d3de6500a3bdf32e03c05c8313db6d7c43b182df43ba759bf3de18e113d4bbf233c7da08e3d6eab3e3d7517703d5fcfd03b3a590e3c4e5cdc3c8b496a3dcb77143c000000008bc9093c7380253ac0fa743da01f9d3c000000007bf45d3d3f75753df37a743d9495313d94873c3d2bd90e3b0e2c413cc7e4a83c98392d3d9554293d23a19239f704833b4ff98c3bad1cb93c90c37e39fce2383ddc78a73ca24c543dfc122b3d2513f63ccd0a5f3dfa6f003cca0b983c9c900439064cac3dd5827b3db585b93cc772213d60918e3c4f631e3c98e3c13cc5f3ff3b9dc8f73d9f20833df85d6c3d7c0dbb3c00000000ff06a53cb8859e3ca104533db6e8743ce942063c4d926d3aed4ea13cb9036d3cc4882d3e5fd9083d05e90e3df4bc273dd4c46c3d55845f3cf6d3bb3af98c063d9467413c6510623db6d3f33b6134853ce75a063d0111133d66d2963c856ce73bf63b233afe79b53ddf96053d9a97443dd32f133c7394b3395d548a3dd3f6283ca29f723cec2cef3b2dfa8c3c00000000cf08373d1d0a193b56eeca3b6ea06f3cd93d293c6ddad53dea651f3da100203cb494df3c3c42d33c76682c3c8e8ef43b6f13413c2766233d8a57dc3c8e92803d24a0883982d7693cff2e883b7b0fac3cde3f013df5214b3d5f3bd13c0b654c3da5fc283adb1d003d45031e3d3584653d7d5f913b502e423dbc337f3c1519b13ceb49083db242d33b1dfca23ce2eea43d6b48dd3b036c1a3d977f3e3c8e6a953c1cbc1d3b0f19d13baa4dee3cbeda373cdee68e3ceea5be3cfe7ab53cdebe443db06f7d3d66a6cf3b6730983c5c8c6f3c60acc03c8ec6103cc55ad33c29db293e07c4613de6173a3d0110c33ad85d6d3cbf99fe3c854e923d24539d3c79c95e390e8ae73d6f771f39c8c1803c00000000808c9f3cfbed693da49b8c3bc6c2fb3c6bd18d3c11479f3c72f30b3cd592283c16e2b13d3f40203d6d71ca3ccd55693dba17c33c000000003d95e73cf6ede33de790413dd936813d883b8b3ca20b333dbf79f03ce89ef63c346a103c4611e93b45f6bf3cfbe2f13cc498e03cd537ae3b5da3503c73cd153c174f993b58f26e3d8d53413d000000001f64bd3bbfe3933ca98dd13bad3f903c68b1c93cc66f103baa8b903ba69b9f3c8c30b43be922a13c36308d3c1dce893c6cb58a3cd9505e3ca0c2003d029d323dd48ea33c4d074d3d951b813ba1569b3dd8dcd63a68862f3d2858b83cd14e383dcfaa763c5f8ae53a4801e83d67ea213db34e673d419d443c7659cb3b3d15f63cc7c7643bf3f0893c9d4e5e3c85ae953ccedc143de79ed23c64a1f43bc369063cb5c9433c249b613be038603c65eaaa3c47d00e3c348f273a14c54b3b4f35453c417f113de533323d3255843c6748973d56bc273cf1976d3d431d4d3c3126503cda49563dd9f9003e7955a83b03401e3cff45043d56b2883ba82b0d3d5fda923cdbe1953dfae8f23ca9d7133d38237a3940e64c3c7fb3c33dc254f238903a333d30158f3da6a0753d2fe7833c495fa73badad0a3e5529ac3cc057893dbec9a13c3c5e443d9c47f23ced3ff13cd1ffb83c0de8963aafdb8f3a9cd3763d3a60153c23a2843b1b09503d0076683c739c5c3d1ed50b3ca4aaa43c9d74153de76cf43c9568b33c013ca33d5cf3eb3b9547633dbd296c3b8c63423bb706873c4a37ca3c11c2323c0f3b913db6ff113dbf0d263dee63e23b8970f23c8410c43cc399ae3c4fdb683d10ff983ddfe2ce3cce9ca73c5b87c43c31b2583d43c0263bd578e73b9a83b23c06c6433de590823d0748ab3c8267f03b4f33e13dc15bb23cd3fc423d7a1af23a8848fe3df16c793cf3cb933cdc21d73ccb96303dc4e3ef3c585d9a3bff59683b32e7ec3c4299a83d2a4c473c3e71663d4b132f3cf46e0c3d46b4143e9159783d52a7d33c3049a03ccb3e293dade4d93b3d6d7b3c4b59a13dada39b3d0587743cfee1873bdaef103bb25aaa3cec6ae93b3942803b7c03313daf765e3dd540da3cd1e8a03b555b613d601b283dc492d43c6e80213ebc74b83b83e2453db90c9d3d8a00d03c3aa5973cc8d2423d01c3a23dc614623d15b5be3d6ab9c03b181e973c66609a3c44e8273df5e2993c6cc5273d67ac623dd6f7003da441073db51c8b3d89b6b03c91c4c439f899903d637a963cf0656d3dec41ac3ce253883cdb25043d5fd99d3c7d13163b92660a3efacd583db7769e3dfcaade3cccd85b3dbb45a13c989c653de1b86d3df7a6ab39e906233d15ef423d3d48783aa118013e0e1ec33a875b9c3dda5c9d3cf1d5503d60769f3da1620a3e4297cb3c34cca83c6284833dad4d8d3df1cee93c781e6d3d7a99903cb5ef613d5836af3d51f7103d418ec23cb49e8a3c648f5d3d27d84a3d48937f3b9f8a0d3d6e2af23cf4f7103ce9cd973c54ca2b3d3c44823c00000000e87a52395c3d8d3c38fd113d2cc6b53c761e983dc88b123d17ff013d97d09d3cb455ce3c81c1bc3d16b45d3d992b183db2fb323d9c65903cf90d253b99d05c3d352ae43c8797e23b9e201a3d8402513c39cfba3cb4514f3cf0267f3dbaac143bfc96f03cbabb473c9a32e33dc6ad4b3b0b5d873d52a4593c364c7a3a13dacc3b084dd83c3411c63d51a3023d0238fa3ced07ef3b947494622e, 'visual', '2025-09-22 07:44:45', '2025-09-22 07:44:45'),
(11, 50, 16, 'uploads/1755593318_65857241_902151243453171_2866983385539018752_n.png', 0x8004958d080000000000008c166e756d70792e5f636f72652e6d756c74696172726179948c0c5f7265636f6e7374727563749493948c056e756d7079948c076e6461727261799493944b0085944301629487945294284b014d0002859468038c0564747970659493948c02663494898887945294284b038c013c944e4e4e4affffffff4affffffff4b007494628942000800000601b43d75f5a33d29f7c93d8767233d80a05b3dc4008b3b116a883dfd332a3c98e4463dbd59963da66c813d8a9cfa3cb223253cc8e49f3bf5e5e23c181adc3d9ece0b3b604a9f3d8686823bdf3e853de222063b0f53253d3910ff3c5992a83d5840ae3c0fa51b3daffd963c12504e3c641f2c3d565c2e3ba160f73d38d67a3beec5163bec42543c20bf273d3d251c3c1b7c933d07055a3e4132c63dc079f03bf536113c9c10633aa6d2f63bc25f833c1339c53d23565d3b4e64533c5903a33ca95f4a3c135ca43ba714893c8369d13d13fbc03c62f7503c5f03363d87c0653d4918033da7fcc93be7ec283cac1f6d3d1a8d223d0b2a353d4022483c5fa1e23c3837f23b35b82c3ddca0a83c6a8b343d63e9ca3cc111813b4e2b6a3baa87c53d9b74ae3c06bd943c0499153ce63f353cd5bef33cf4d96a3dc8fcd33c00000000d63a123dea45083d2641d53c0905053d89b1c73d49b9ad3ce3f4893ca9c7a13a80f2cd3c293ee4390953f03c1c28a43c090ae53bfb6e4a3d4170123de6a1463cba13df3d735a523d0e863c3b3a8f273d6fe5fe3c224bf63b074d693c8707323d215c383cdd169c3d4d21853befdc863b930b9b3c067f323dc381123be5aa173bfc7ab13c783dab3d09994a3c1a32063a3b2d9b3b3649fe3b189f7d3cf4fe653cf9a3be3d972fb63b5d3eab3c0d991f3c592da93cd085333b9a24c73dcb580b3dd6df493cf1fffa3d296abc3c3f093f3c8eede63b4881893c6492463d59e5053d16bb613db485983c277a573d969d9a3bef92633d48f52a3c0443ca3c408e5a3d91ba523dcbe3643cc2c0863c0c3db33c9f461a3cdbeb873cda23e93cd9ad913dfd5d273cad4ba93cbd64483d9d00143b2ce9c93cf13eb13c3dbc7f3cb868023decc0e43c9ccf303dd6780f3d3457853db591493cd484623ccc0ecb3b5e1f3f3b642a6d3c40b4893d08cb803b424fc13ca00cff3a856a373cc7483a3d99b1e03ae2a6bd3db836033c5a01b23c8dfab13c60de0f3d1f2b3f3c07bdd23867d87b3d31719f3b3f54003ddfc8103a8d62e03b24ed8c3d41bd9a3cbcbf4738bdfe293b7abcb13d6e11923c6c197e3c7ba6d63cb4f6c63c29fa4a3dcfd96f3de887cd3c3661153cf25f9a3cae3ad93c952c8a3d6da29a3c2fdd823b0c78c23d58c3e63a8c20043e43a4e03c20503b3ba7dc283db2b0533cfab4653b4d89663c4a87d03c2c561d3d9fb39e3c6c0b803aaa17373d0faa673dc22e4c3de74b4b3d2203813cd826c03c7b18673dd5b6e13c000000003181eb3abdf3873d4a037e3ca4b3b73c9022a03b37102c3b4c2cc63c1efa3a3c6c015b3dbd7d573d53c51f3c121f9a3cef46113d04d60b3c0816433d44de883c5c1b853af75f103dce265e3d9afa003de4688d3ce2462a3d6fd1053c60fa6a3cae5ebe3c88a8243d06ef283aa9d0413c996d053cf7b4893d39a4403d68aeb93cea4b893df3e3d23cbf99023df5e4243cdd080b3de07a0e3d01d64f3cf14ec33bc390903dd3160f3cf8d9bc3cda990b3c01318c3cc54b96396f7a0b3c80d8123e73b5093d7dadc43c4d4a833c23c2023d5ffbea3b58d1563c6c40743dec2edf3a5fa6013ddc8bd13c68370a3c1fdd8a3de9cc103da3a55b3d5e2bc03cd77aa23cd16e9c3bd74e603ba6d5bc3c1180123e4d784c3df1118c3cbfdb133dedbc853dcb14883d48ba533d5cda023d4b5ba03c59412e3daf0f713b65f9383d46de143d37d5c33b36d6493aea19c63cf9dbdd3babc0be3b30b71b3a316a333d6633dd3da012923c00ec9c3b58fc8a3bf6dbab3db3b8bf3bd743a83c30ff953de440133b2c51f03bf3cee43cecc6ca3b40aaaf3d5e23a13dfbc3d53c40b5813c7acc2f3a00abff3c8335343cf4b9d73ddd1d283aa16cc63c35090a3c5b58cc3cc031cd3c1f68e53ce462923cd43fb43d631b9b3c535c9d3c1375bb3ce6fecd3d4862013da192a43a75713d3cb337f63c7911693dccfa7e3b68e1043dd11cca3dfce9363ac882193d0d5b203d34b6f23af1a96c3d0a89963d62b7b13d6a379f3c64703c3d7c53e33c72aacc3cb7a1dd3d4bc69f3b8802993d45481e3d1772893c5e71103da5c1a13cd783bd3d1686713c32315a3bc335713cb81baf3c81c8303ce0e0783d6fcc1e3d43854f3dd0205a3dff6f633d5c0fe93ba90d4c3da578b03df9c5163cbf0f463b9f24cd3c9bbfdb3c70c3673c29d0063d975de13c40b1bc3b6a2d5c39dd37233c6045c23ccb15f73c9dc54f3d44f7723d325eb23cf9026d3d9ccbb23c9209993c83dc8d3de670013e323aed3b7db17a3d63dafa3c0bc5df3c7d8f173dc56c4b3cba4efc3d192ccc3ce0a9e43c000000008c125f3b3f84f13bed60233d6550d63cfd08db3be0416e3be166373cf7a90e3c76a6783cbb0c133a7b85803b4e26ca3c79cef93cc0ab063dc11fe33c19da823d2d42403d525f993de6040d3d635ac63da3bcc83dad39043d3d75b33c7356dc3b9994313c31973c3cf20a8e3d1de1c73b2221853d21838e3c9fe4293d5da3233b1724ef3c8e73733dd4cf403d8125703e4c39943d4fa60c3c84baef3cdc3e923d7d94803c51d6903cd4684c3d3e888f3cdb30e43c3de30c3dc29c253da3776c3dbe950b3d36720f3cfec61d3ca27ee53b1d7bd13c530c193d47ab173c99d8f43c65031f3d024ca13c6c22833ce8ac7e3c4fb8d73bffc9143d6ebfca3c35ddbf3b1839633d9c6e683c9f78ac3c9777b03c9fe09e3d0570ab3c2dd02a3d15e7623d6c077d3a2408783d2c21963cc1f9563c6bc94f3d0ca3373b213bde3c1d1f133d751bf63c53c1983bcedba93c36dc4d3d3102683d0c33f53b55c33b3dd58af63c4805943cca66db3b3090063a26800c3e10609d3c401b463b1f0f573c947494622e, 'visual', '2025-09-22 07:44:45', '2025-09-22 10:34:10'),
(12, 51, 16, 'uploads/1755593318_65857241_902151243453171_2866983385539018752_n.png', 0x8004958d080000000000008c166e756d70792e5f636f72652e6d756c74696172726179948c0c5f7265636f6e7374727563749493948c056e756d7079948c076e6461727261799493944b0085944301629487945294284b014d0002859468038c0564747970659493948c02663494898887945294284b038c013c944e4e4e4affffffff4affffffff4b00749462894200080000aeb1453c1e7f223ba517533d46970f3d211a643b8c98093d034ec73c86f8d63cd98d833b42d3023ebc45e63cc0a7243c5f0f223cb5ed9c3c33b6103aebb87d3d05348d3c820b8c3d7057ef3a0cf2873cf60f103cc5fade3dbb75513c8815613baa912c3c7504f63cc824083d2e6db73d1e19653c43bf1d3b11c7913aabc09c3bb549143bec6ed23b899ef93b0c959f3a0874103ee59ab83ddd28a73d4a23d13d08accf396e7ca63a410c433ccdbf993cbeb18c3b7e34143cab95d13cfea3023cb6e3893b6421ca39b745f43cbdbaf239a537ab3c7cf08a38ca67933c44125a3da473a33cc866813c66651d3c65456e3b89a1443d38f5cb3bc5dab53b00000000d709313d6889013d8dee9c3d570f983dcf1f3b3d23f4373c8cb5c43c13a5883a5b96a63c2fd4283b5f523b3c0659dd3c5978fe3c524d053eb215733c2dcf143dfd91063c3fa80a3c5b23483d6057253dd287373d03f3153d00000000ba87013c02ac513de950903dfa7e8e3c275e7a3cba63473cc4f6fa3c7f9bb43c1e1c123df28c583d62f3913c0cc0f03df978d13c6f913b3c2778693d4745c13b7cbf0e3d8403c53c292c1d3c0e2d6b3ba405573c48d96c3c6569863c602e9c3c8bde873dd1b6343d4d1d8e3c163e313aa410fc3a737ba53c7280093d63e1bd3cdd5f5b3cabfa2c3b854b293c56ed613c4f82223d61c6863cbf20b23c86fc633d4c60a33cffad4f3ce7dc613d3480aa3b16cd063d30acbd3b859b6c3ca6b3823c171f593c130fe43c6ff1833d5f67683c54801d3d5eeeb03aadf8083c1ff5a73b394d663b664f963c6e02903c6ed2543df3ba8a3bb667403b39cbb23c863d133d9748833ca9905a3d2b9a2c3c7ff50f3d571a103cf9d0a83cc1ead03ca44d323d6ef9403c0b65303cff14463d93bd953c92c6893c1c075f3d14fa153d14af753d4a18333dceb72a3cb641053db46a493d406fce38d46b033dc2818c3bcd94ae3d000000002583993bf5e1023c481bf33c66a2853c2bc9333d4ad2323c5e908f3cf87aa43d6508483db9e4933c0692a73d17e38b3d26424a3b6f79613a000000000246e43ac4a37e3d810af53d514d243d48dc993b831dc33db4f8d73df01e453c5b76dc3bcc483c3c7aa2cd3d2092333cc5274b3d26e88a3d1c66893b3035b83d1bdf953bbf94de3d2286a03d3257023c92a0b23b1950903c026bb23c409ba53c81f61b3c03a3223df29be43c40d29d3ae90ce13c84d5053e6a4fcd3d851da63c6d7a933c1588563b96e7b43ce39d173dcd883c3aba11f93c8339013cb234c239a228803d7ae38e3bedf0283cced7393a31fb893c831a193eaaedd73d000000008d6fcb3bf09b8d3b3c94263ce571393bb91d803c0e64933a22a27a3b92ab6c3cf297843d0747503cb3dced3cdbaeb33c1870b63ad1e34d3dcbda7c3ceabd0e3d106cf83a1663b83c8552f93c7842853d71c9593ce3de123c7b3bab3c7e9fb23d595f8c3c60403e3b6cca183d8389a93cf301563d6b39fe3b00000000187ee93c82df013d1c136e3d2e7f293c3f49613d05b72d3c5c8d313d175a333c1a0e983a0ac00a3c036daa3c0137f33a64f8573b32e8923b5ed9843b76e36c398b33883a097e8c3c3ff64d3b701fd73b510eb23cf9faaa3c9252cc3cfe1e523c7d40283c23ba863d4cb6743b1dd5e63de952ce3bd98e823da8cf4d3d001f823b81c64b3c25acfa3b3a60333d31b1a7392cdf773c68ce083c18843b3d0ddcad39c0b65f3c25718f3aaf42f53dee2ac13a05cd673c7ad1713dc66b833c62bd873db439d13c2c2da43c2d57c33c2b8e133e7a92473d9f5fbd3b2feece3c8e63963df5ff303c6f0a303c55b4793b7851043c3f2f6d3d48b5b33b6462273c3bb21e3d1a37af3cda4e0a3d5aa8c33d66effa3b12684f3d8511023d66d8ca3cf720933cc2332e3d033d363c6fcc903ddf653b3c07aa3d3c356c613d929ad13c5c34143d328cba3ca7fe2a3d2b52593db975923c63380b3dca3c253c5ff29f3ce3f8223daf7b113c3759ca3b396b883c614b353d22b71b3c6e30133c028d833d6a342d3dea31333dbe2afe3bc651b63dd172c43b8ab81e3d6ed8023cebedff3b11014e3baf2f0f3b2f1d043ccd61333dd0c7003d7ced183dd3aba33c6af54b3c808ed639a40b8a3ecd86e13c1f44983ce1e05f3cb26ef33b3bbf863be4265f3c6018eb3d1559db3dcbdbb13b6e0e203a4b7a033c5096893c3467813c583b0f3d3d44473c6b516f3c55bbb13c00f7193e1c7a293cf724c13cefa9383d5809893d2c00053d5883a63d67ea543c899a223d3b79f03c4bb23d3c89b8263d223a923de4d5833cc825923a88e4d43bfed61c3ce654693de66e0f3c56d45d3c5a12883b0121ba3a137dbc3be906263bc216273c7fa2ff3b7e39803d0bbd033c3d20483d5d633d3c05cc733c7f69d73b65e5b63c489ad93b648b373dd759a43d63b79a3d6ebba9395113183c6fa2063b37a5383c9ececc3cf54b593b8fb9f93b29d91c3dc74dec3b014ce33dd46a883ded1a953ce5328f3c28c93d3db24ec23cf076353e0432323d9391a63b2e32ea3db5b5053bb9e3d53cf94b433ce221373d8f017839d404d13cc5648f3b00000000ef6dd73c1e432d3de7bc2f3dbeaab03d6795843c438cb839d488a93d216e253dc4b8c63c5aceb83c15b9473dc74f223c2ef2543cceddb33c01f6153d579d9d3d17d7393cf82dd53dfdd17e3dac7a6f396ce2033cc8631e3d07c24e3d200c033dd457803ccb429a3b4299233ebd40b03c2597973c2fdbde3c8ef1793c67072b3db22e403a6d8e7e3cd6b5b13c701f6b38a5520c3dd33dd43d4c1ec73cc95f193e05439b3c6905c6399134453b77a5e03a49a0b03d16daf93ce719bf3ca9141f3d947494622e, 'visual', '2025-09-22 07:44:45', '2025-09-22 10:34:10');
INSERT INTO `image_embeddings` (`id`, `image_id`, `house_id`, `image_url`, `embedding`, `embedding_type`, `created_at`, `updated_at`) VALUES
(13, 60, 18, 'uploads/1755595732_2e206a2dfc5e8f6c3798204f23d3ece5.png', 0x8004958d080000000000008c166e756d70792e5f636f72652e6d756c74696172726179948c0c5f7265636f6e7374727563749493948c056e756d7079948c076e6461727261799493944b0085944301629487945294284b014d0002859468038c0564747970659493948c02663494898887945294284b038c013c944e4e4e4affffffff4affffffff4b00749462894200080000eb58bb3ce24f393bc651b33d7ad43c3c9764493b9c99903c1de9e33c9a75ce3c73b8443b4e1acc3d72afc23a134a7b3cabf6843c188c793ca139fa39137d493cf5b96b3cf27f683cc5754a3cea6a1a3c1a7ba43cf3df153eb6cded3adabb6d3ac18fdc3cb1eec23cc29bd43ca121143e21ac193c0d98213c00000000304bbd3bb173ed3bb1c8023db87c1b3cb75ec7395d3d343e1bc3413d5cc7813d216fc53d00000000ae5da83b2614273c1df23d3dcd53173c4e541f3c88bf9c3d000000003e21853cb5c9733ba1d6da3c1775e13a1a02dd3900000000b14b0f3d4d46373dd56aae3db1692e3cae71193a6d518e3bdae20d3d3ce30e3cfa9a153de733083cc639d63ce870563d69b27d3d19a7353df282093dfd962b3ba218723cff7b873c042ecf3b84438d3c2b86013d245be6391b07ab3d3a5f213e28e9a43c92b1873c62ea923c1f72773c0eb5e93c91029d3c8c33393d363f033da432883c27541e3c5d02f83cc916493d5a637c3c2159753cdf9dad3cfbb8bc3cdaea733c3615bf3bc104fc3cbc2a3f3ce792fd3d2a73263d58c9aa3c32f36f3d38e8373cd4db5b3d3d8aa63b8ab21c3c8f5b4c388becbc3cc2fc8c3c3f95e73dbbdf853cb3e7003e968a823dcd9e4d3c7c3ced3abd037e3b62d8ab3d512d6c3dea08373daabe8e3b8cd4e03c4832d53b32b0673bf620b13d59d8b03c1216063df586ec3d3e050f3cce5d453d5320153d94c3cf3c1b516f3b9262963bcac64b3dd2e5ad3c1995603c6641323c033b3c3db410963ba906f43b5e1ee43c80c3173c6050943a2ceec33b14ea253c497dce3c0842023d0fa30d3c2513aa3c09e19b3cb911d03c01e91c3c57960e3d768e0a3b0d059b3b8b56b03baea15d3ceedb993c00000000ac34863ca72b183de5a6ea3c464a023cf56b513d49640c3dc5251d3dca14993ddfc67d3d21ec8e3bd43c343c42c1703dfe545b3ba8be1c3d0dc05f3ce3a99c3d00000000245c123c51e1f43b07bafb3d266f093c270e8a3c69d59b3cd44bdd3c8c258d3d1bc3a73db1b2c83b34ee7d3d2805b53dca269a3bda6bc93cc40d223b58ccd63b3f303f3df5551d3e0869f13acc313f3c47c7bf3dff27983d8643553cf4da4b3b844d493c6362a13c7d72853d46b1fe3c8028743d105bdf3b649cd93ddeda813cde39613d9d8f763cf50b613cc5e5383ae9b50b3b5daf8d3d99d8493c9feb813b979ede3bb889c23c69ccf23ac7c0793ce04e173e03a67b3d2359223bc3f8d03c231ae23a77e3743df947b93c4372bb3bab7eba3cba27113c1a74a43b0560423d91a8383c9f39eb3bbccd493b8ac6553c3fb8133ecae1cf3db4d5aa3bcaa8013c00000000d8cf1d3cff5d0c3cd68e2b3daf0ba63adc9ff63a54481c3ceac5343d58ca553cca97563ccaae683d0079d93b738cbb3d2b042c3cb8a16d3c287b923da224843c479eeb3c481a613db9b9cd394254e43a6738d93c62f0b23d9ecbcb3cf79a753c86b83c3d0000000042a82f3dd1e25f3c214b0d3a8be3103d567b243d6ea6e43cc8776c3c239a653d3cf88a3cc162093dd371413ca1fb843db80c603bfd94af3c6f547a3b8a51a33a5ead443c7c64073c087a503b66f9363dbf88c93c77c1d53c7a20283d73d4933c5290533c37bd663cb44d893cbf09653a422c163e70ef433d72580f3eda89893b0351093c5fee373cb45ba23bb7211e3b6348a33c5943bc3dbff9183af8c4e23c2147db3a8a02223d2810dc3b4a217e3c08ac5b3c7520693d00000000468f9e3c52dc633d7bce4d3b4310e43c8cf95a3d2c6c703c9607ab3a24b3033e095a123d5ba1073c76114d3c17ca943daa011a3c91d85239a23a403c5eb3c73b31619b3cb992483c0a8f7d3d2a609e3c6a3cdd3c0fcde03be3ade03d995e673c76ff5b3ceb42283d7253bc3c703efd3ce6639c3d9dc6bf3b4870003d3aa7b13c438d6d3ba104573d0beb893c07fbd03c37ab383c180b883cae13353d588f2f3da69c6a3ce5005c396048ad3b027dcc3c6cfeb83cd2fd693d8fa5ae397bd90e3d22b29e3b2e6b043b8088ec3c264a0f3d0c773f3d1d21ee3c36a7843c3457403c25955e3d86381d3dbe8fc73c8dfd153b631caf3cc686303c2ef7f23be8752d3c6831153deb4f323c5794043c413d5b3b0c7b303eff2ff23c8bca1d3d02960a3dda0f973ccad0823b89388f3c9eff8b3d2aea203e865c183bb09bfd3c85c06a3da2d3ed3c307be23c97dec63c808efe3a84cbf93aec29ca3c787a0e3ef805ff3c1898e93c908f1c3d8f08223cd4ff4c3c65012c3d5555d73c0b90913c462de73ce2cc5d3c3b64af3cca74463dc6cbd23c2aba9b3c44df2d3d73cd5d3c5e291a3d8e2caa3c984a533c626c3c3cefa8803a4803e53bbc35f63c4282883c9e74403c3693af3c7aa6773bbb77163d60bb173d26857f399782723a497b1a3b2b8a1f3cf681963d545fe23d3136393d957c103b7049f73c5074823c650d893a8866a23c00000000c5c9fa3c73f5963c1ac3d03c5c1c5d3dc4907d3d4709053d4e73303baec2053c99a5133dec3c113e25dfc43c79f28b3c639c853d369e843c66f3233c6eaa073da82b553ce096fe3acd377a3ce776ff3cb3970e3ba9843a3d39ccc23dd5b83c3dbc189b3da008593c0272f33c3f02933d337cb03d3053d93a3fb0593dea20ad3c0327cd3b953f3d3c0032833c52067b3c38d0aa3c1815ef3a6c28413e7821543d7151c93b5a78ba3b3ae9f13c3156033dd5b8943bbdc48e3bb9f2853cadc3bc3dbcac8f3bd52bc73b3cb6343ab000c13c5035cc3c4ffcb03b13b19b3c3b13873cc22ebf3c3075d03ca6e0883d3b910c3dc1950f3ea2cb853c78d6ba3b6e672e3a522db53b5d3f703d339b123c2512593d2038fe3b947494622e, 'visual', '2025-09-22 07:44:45', '2025-09-22 07:44:45'),
(14, 61, 18, 'uploads/1755595732_6543f25a293413f0e882bc774c091a73.png', 0x8004958d080000000000008c166e756d70792e5f636f72652e6d756c74696172726179948c0c5f7265636f6e7374727563749493948c056e756d7079948c076e6461727261799493944b0085944301629487945294284b014d0002859468038c0564747970659493948c02663494898887945294284b038c013c944e4e4e4affffffff4affffffff4b00749462894200080000f135db3c3462303c2ecb013ef8fbf33c0fd6803c1317a13c3ab00b3dec0d7a3ca43dcd3b99c9413d8874233dbb2d743c2365a33c3d9cb63c9f4cbc3bb153513d1dab943bfbcca63c306d473c467a003d00989d3c3943d43d334c213c7ae0623d6953d83caa41be3c71c96f3c0090d93d5605b83bcc42323bf8bce13a4620a03c21ce033d018daa3cd01b4a3a3d410f3cdb4d153ea97c273d2af3b93dc430533d82112f3bc60b343c4c669f3c8b77363dc6dd2a3c7b4c0f3b6f750a3e3d3b043bd3f0d23bf6e5ca3ae193c43b4020763cffbe1a3a5f7893396abf843d42d8853c95cc853d18ba003933cec53bce93723cfa10dc3c5b2e303cbb96f23c0dfdd93a68b5be3c4e24683d2b74943dc9c5583d59769f3c06085f3cdcc1003b210e533ca5cef63a33318a3c9383aa3c4200d13be770f83de913f53d8f0c8b3c09d7de3d5b165b3cffe5d33b45dc5b3d2295973c8cd0313dd53c493d964e913bb055933c1eaf6c3c8dc4843c0ba9033d3c78833c4247363df57d633c5efa3e3c3b4b983c1142ec3bc39de53c897c0f3e516b653db52e793d91ee093d6d5f183d7fcb4b3d5a10973ca77c6f3c121d4a3a5cb9de3c0245853caa5deb3df214113d85e3c43dd903203d1d70163d3005163b1f85253cd335873d3386933ddbd6833d219f223cede48b3c3999c03c5b3a9c3be624b43de0db223dda442d3d5b22273de7ee663cdd28943c3c24443c8fb1193cf8e8a43cbf433a3c271a763d31e1863cb8385a3ca221873c6966a23ccc52b93bef624f3db588893cc69b103c40a55c3d2a9f773b955bf93c9952fb3b8597903da12b663c10b5f43c3de5d83c9cd7903b40d9cf3ceacacc3c3a4ee73b69bd273dd848173ca19af73c52df113de173f13b6cf9433dee30273c74a1bf3c4d65203c12d45f3d3ff2493dba90243dcf620b3df53e963dbd15c03caf64123cf83f6a3df679c53bb6f5ef3c0f2c243cf56f7a3d3492443b5604cd3c05a8853cedd8cf3d8f40023b772eb13c16c16e3d3e998c3daf779e3d9d2bd13df00cd1398894b23d631f563d3a0d153c9869233d636c103c502d043ad306e23c4685e43dacbb673da86e553ac748a83d76ecd23d7782c33c104bd13b3ad6e53bd9c01a3e7dcc2a3dbb34b13c52bc963d4fd5153c89a5cf3d73f3fa3b6b80f93cbe67bd3cd544133d90005c3be591233d0f269c3d7f6f843cfbab953b31ffb13c0f6d863c202e9c3cac89853c083f063e2c65323d4587f33b321b903dd48f163cedf43e3d786d323d0df25b3ca4cbe13b870fa43b000000000c86c53d50ef6a3cba353a3ca604823ce1f7323c7812013e3b098e3d55ad7a3ad3b6bb3ba048b73b135db53c121bdf3aaea5a53c8136093c4842913b903a173d6b12113d228cc33cb52f483ca787103d4f52823cafda663d68784a3ccc63e73cb12d8b3d6451733d0125803c23a48b3d069b1e3a63499d3b2d9e313c3f2f9a3d096a153d4fd48d3cfafce53cf817d839b525183dff7eee3cd9f9523be75ec83c11eb883c9667903c5c7c923c5627b63cb5506e3de9defa3c039e853c95123a3d0ce5183c9f343d3d2ba6943c7f66293c9611313b5db7853b7b60733bc169a83c4b7dc13cea3cc13cedeb2c3cb6381c3d06dbbb3ce0b2873cbd0f2a3df533273cdd00f43d4ef0843c7f05e73dcae36e3c6431f438facb083d6a33883cc7a9ad3cb6a9a73d7497ba3d13e2ba370489003d7470613c9f20503d3f88983cc455783cbbd00c3c0c65ca3de085bf392c56853b0b02323d238c203cfd99e13cae50193dfe61c33acf59723bf11e0f3e0c49373d35afe93bb685123c8b4e8b3d787aac3c78fd053ce632a13bb90acc3cd3b4f43cbd509d3c253d1b3dfcb7013c9f561f3cc131893c764dda3d4f7b333cd5013c3d8e7c963c92b1df3c3ab3243d5cf6743d34b4bd3b64f4c63c1a5a193c77ebff3c2a01133c9cb5793ca3c00f3bbf85e23b1a009b3b5ec9633d76e55e3c50fdba3ce527803bf81b843c8625993c49ae343d6c348a3d0a6ac53bb89bfb3c10eb493c7357b93c76af0f3d7bdf413d34772b3d2b3acb3c1a5bfc3c9068013bd12fea3cb072803c55a22a3d1aa2373c15fe333b1388b33c7f9d593cd667c53c49bc593c7c99ec3ac6496a3b0000000086faed3d1ae4793de2ee4e3cdfb73a3c27c2363dd998a93bb9bc903cce55283d0bc41b3e05a2ef3cc8627d3daada7f3d44e73a3d03720d3ddbcf493bd346e53be6de0e3c562cc13c89add23d675f543ca69b4a3d0824803dbbe9193d383d973ce1110f3dd682da3c32472c3deb19593d561d483c9f30ee3b015fd93db7a5db3bf95a993c31ff6b3c94947a3c56b4133ddbc8063dd39bb73cedc6f73c5455593c610d8e3b39ae783c6b1e053d0330e03c5e96323d6741b83c61b56b3d0f54903c1c39913c2ae3b33b3c4f813b852b023cbc4e433d1353cf3d6d55753d47de803ca3aa533c3a56703cdb35593cb774973dfbe6733b50b4063da2fa5f3c1d64a33c04509c3d56cbb43c80b1d83cc165d63bf937353cc74caf3dc0f6033ee40ac53cda5f263c4cb5b43d9daec23c755df83cd270203db6564d3ca748bb3c64a5163c228a1c3d2de3923ca741e83c7cc9dc3d0cd79a3c4ce0893d779b823cba55c33cfe1ac83dc2b9ab3dab4cd13c14ac0b3d31c5753cd9f37c3ca9014d3b000000001e0e9a3c57abbd3cdfd31c3d8919c83d46f0253dd4e25a3b0ed4093bddb88c3d4804663d822cc03c7fd7a73c669b703de00c813d6084b23ccbcdbe3c648c303cd26bbe3a063f063cbea88d3ba3ef153de89edb3a9d804e3d7ff6ed3c3221813d48f0033d359f233ebb9a703c3a97413c67bdd03b460f043d6ba5063d6df7693bdf87883da49d343c947494622e, 'visual', '2025-09-22 07:44:45', '2025-09-22 07:44:45'),
(15, 65, 19, 'uploads/1755596546_637569094995476388-CS_MLW_HouseB_cover.jpg.png', 0x8004958d080000000000008c166e756d70792e5f636f72652e6d756c74696172726179948c0c5f7265636f6e7374727563749493948c056e756d7079948c076e6461727261799493944b0085944301629487945294284b014d0002859468038c0564747970659493948c02663494898887945294284b038c013c944e4e4e4affffffff4affffffff4b00749462894200080000a303663dcfac7b3b0a73113eb175c33cdca14f3c63ddd43c90bd4c3dd1c8843cd1fd163b86f4533dccb7113d53b6003c5577bc3c97ae033c122fd83ad9d9413d2879203bfe00223b625bf03c267eb23c92dccc3c3aeceb3d083bca3c1df8c63abe03243d5764693cb356c53ccbc2cb3d7dea9c3bad3f603caa1d0d3b95acb03c1df97d3979f50b3cd133df3afbb9893a0e0e083eb3edda3c092b043e301dd53d50514f3a3be61938a078b53bbf51263d1245153c7b9f033c97eae63d000000007d0df33ba4c42c3ab679813bbae2893cd0027839dba79b39a2a7813d0803d73c060e8d3d986cc03af7c6e03a293a7b3c61cc113d9344df3b5183083c9b68333b13cb613ce986563d3e4c0d3d87e9443d3238193d8521763b0000000020ff9a3c0b3c4d3b366d923c0bd9993cfd4ed43aa42a283e1dcbf83d2a77073d61b3b03d64953f3c857c463bdc1a043dabb3ae3ce84c323da7c1963d4f17253b5ca05e3c63649c3a1cbc1a3d52763e3d0cfc493cbed68a3d3ac9eb3b086ef63bcee7803c92d20d3d2a72a33ceb0a053eabcd723da937c93ddf0e013dbaad623ce6f2a43d5b46613cefe0e53b00000000ebaa683c2591a83ab953f23de7c1153d90daa03dd54e113dd729bb3c000000004820323c27a89d3d26ebc63dce8d553d27611e3bdfd0f53bc3a8dc3c33d1b139682f703dc36fa73c7494233dda909e3d9948d43bbf1f043df690a53b4e22a63c5481b03b76428e3c4c3da13ce3b3963badd2cd3bc3503b3ca029673c1b59cc3acda94f3c05b2b13bea720a3ba0b7163d92fca93b4621a13cabe5063c66fb773dc02f683cf39b1e3d8edd943c8bfb3c3c0cd5783d8f2b573c20cee63aa0028b3c20c5c13b66115b3cacb66c3ddde0be3a9aeadb3c9d42603cfe065f3c1f47463bc8472b3dfa1d773dd1088a3c989e483de7969a3d9bbfef3c61662d3ca149133dbdccf53ab4ac893c6d41133be12a903d000000006979b23b7d5c2f3a68e2b33d79eea4360c1fff3cf07bd33cf14d923d4ba0833d4dddbb3dcab9d439df0b7a3daf959e3de339923c6efbab3cb2393c3c03a8883be42f493da17d0e3e4cf49d3b6066193b44e19e3d9cc51c3e45079f3c9cc4193ba64bac3c3061f43daa34433d5391f03cb04d6d3da8c6953c0d85b23df8d8153c4ac4443d5e5ab43cce417c3dc2a19e37779bac3af4e5653d5c09903b99ed2f3b98436e3dbb95933b81c9573ad3f7463cdf02093e02a91f3d9fec583c6850a23dbb12d63c61ac463dadfe163de5a2503a4f199c3ce59169396ce9f03951b9d53d1474023b7ef28c3bf754393b7e4d4c3b476a273e86b3cf3ddf03843a7c8eaf3bedb29a3bddb23f3d0f30193bd3c4c23cdc96af3ccca80d3c0b51d53c0452013d5a0ee53cf0754d3c0bd2dd3c5dcf9438e0d5a03d3b71e63a8f81873c57dc073d89a2733dd895463c7613813daa18be3be1ca2d3b0a939f3c82c8783d77d8c63c33e3893cd24dd33a0000000029bc193d59dcd93cdbc9be39bb9e633dd544173d6418793b0f95533ce14ce13cf3fdde3c8ee4103c04e0833a3d3b7d3d9129503abff59b3c92b08e3bdceef2392a87fe3bad09d039ac99003c5268a13b279bc83c152b373adaf7c93c9434f43c7314113c05c7423bc874473d41343b3caecf073e8173eb3c1830d73d1473a63bbd8bed3a3a73113d8200d23b251d5c3b0e078f3d051d0b3e00000000d7c6633cdfcd8f3c35db433d73aa303bf3788c3b00000000c3ccaf3db849ca39f206fe3bc7294c3c19623c3c929ea03cb890673dcafd483c9b5c3d3af3a01e3e2eb8853d610b473a9ed7083c2bf3803d05fa253c6832e63bcec2843ca732943b2c0f413d9c0fed3b09152b3d427b313d52e20d3d40acd23c73cb053eaa05a23c6bae7d3c27e1583c20cb063d561afe3b6c3c423dd5b6383cb080253d21641f3cd1a8793de9d38a3c3ab33d3ceeeb7c3cfe97593c85590d3a53ba3f3db3ca133d1fa6d73b9b35ec3b28421f3c5183293d87cda13cf03e3f3d85aa773b19d8493d9e3be63a64702f3c0639f03c7927ff3cc226523df76d553c213bcc3cbb048a3bea24113dea5de13c8f1fe33c4f39ab3c01da6b3d5514863b82f67f3c03d8303dbb93123d7be99c3ab908a23a2ac3a4392cd9a63dcb6b813cea9b263cc5f0b83c56f4113d39cdf03a260e053cf54e0a3df37e253e5214133cb1a1423dae34843d71bdae3c20fe513c3dc09e3b3dad8f3bfddd003c3b58af3c8047013ed72c483c2f3edf3c3efb3e3d0af2bf3c1041eb3c0bcb773cd42a7d3cfce1553d4058243defde2c3cf4500f3c40fdc93c693edb3b62be5e3c56190d3d7ce3a63c68f3823de33b583cc93b633ceefc923c465bc93b9f4ebb3ba879fa3b1ab9b03c0d0ce43cda57293d00000000b3c0663db810c53cab639c3c5bbd973c0f98373c10883a3b8c47c33c32d5ee3d0086fa3c30a83d3c0ca9503c5836323ce991b73b1378f43cea14803a7c874c3cf0dc1c3c7a3d893c1338863d9570123d1c8e3a3d00000000f7371c3c06ca593dc895e23d445cf53c484af33b80faaa3d0bb1b73c0d40b03c38505f3d39ed163d9362e93cfe0ea93bdd9ec23b8c30483b64c0103de5e1c53d8865d63c86a4e63da1e2033c9ec1fb3bae01e63dd014923da911f43b74b3063ddbc0a13cb5cce73bf619893b00000000cb53433c56c7873c6adc653c5be5f03d7ce7393d70583c3b2de9a83b8d23bf3c3659023dbc09e33baad6313cba3b463d5260283d04d6ed3b7026663b98591d3ce92c0e3c20c0903caf82e23bd289413baf24c03cf878623c5f0af63cd90f573de451443cbb560b3e5ab6633c349d0c3b000000001917783cc595333db585023d9b43a03d999c6a3c947494622e, 'visual', '2025-09-22 07:44:45', '2025-09-22 07:44:45'),
(16, 66, 19, 'uploads/1755596546_637569095297626576-CS_MLW_HouseB_img.png', 0x8004958d080000000000008c166e756d70792e5f636f72652e6d756c74696172726179948c0c5f7265636f6e7374727563749493948c056e756d7079948c076e6461727261799493944b0085944301629487945294284b014d0002859468038c0564747970659493948c02663494898887945294284b038c013c944e4e4e4affffffff4affffffff4b00749462894200080000aeb1453c1e7f223ba517533d46970f3d211a643b8c98093d034ec73c86f8d63cd98d833b42d3023ebc45e63cc0a7243c5f0f223cb5ed9c3c33b6103aebb87d3d05348d3c820b8c3d7057ef3a0cf2873cf60f103cc5fade3dbb75513c8815613baa912c3c7504f63cc824083d2e6db73d1e19653c43bf1d3b11c7913aabc09c3bb549143bec6ed23b899ef93b0c959f3a0874103ee59ab83ddd28a73d4a23d13d08accf396e7ca63a410c433ccdbf993cbeb18c3b7e34143cab95d13cfea3023cb6e3893b6421ca39b745f43cbdbaf239a537ab3c7cf08a38ca67933c44125a3da473a33cc866813c66651d3c65456e3b89a1443d38f5cb3bc5dab53b00000000d709313d6889013d8dee9c3d570f983dcf1f3b3d23f4373c8cb5c43c13a5883a5b96a63c2fd4283b5f523b3c0659dd3c5978fe3c524d053eb215733c2dcf143dfd91063c3fa80a3c5b23483d6057253dd287373d03f3153d00000000ba87013c02ac513de950903dfa7e8e3c275e7a3cba63473cc4f6fa3c7f9bb43c1e1c123df28c583d62f3913c0cc0f03df978d13c6f913b3c2778693d4745c13b7cbf0e3d8403c53c292c1d3c0e2d6b3ba405573c48d96c3c6569863c602e9c3c8bde873dd1b6343d4d1d8e3c163e313aa410fc3a737ba53c7280093d63e1bd3cdd5f5b3cabfa2c3b854b293c56ed613c4f82223d61c6863cbf20b23c86fc633d4c60a33cffad4f3ce7dc613d3480aa3b16cd063d30acbd3b859b6c3ca6b3823c171f593c130fe43c6ff1833d5f67683c54801d3d5eeeb03aadf8083c1ff5a73b394d663b664f963c6e02903c6ed2543df3ba8a3bb667403b39cbb23c863d133d9748833ca9905a3d2b9a2c3c7ff50f3d571a103cf9d0a83cc1ead03ca44d323d6ef9403c0b65303cff14463d93bd953c92c6893c1c075f3d14fa153d14af753d4a18333dceb72a3cb641053db46a493d406fce38d46b033dc2818c3bcd94ae3d000000002583993bf5e1023c481bf33c66a2853c2bc9333d4ad2323c5e908f3cf87aa43d6508483db9e4933c0692a73d17e38b3d26424a3b6f79613a000000000246e43ac4a37e3d810af53d514d243d48dc993b831dc33db4f8d73df01e453c5b76dc3bcc483c3c7aa2cd3d2092333cc5274b3d26e88a3d1c66893b3035b83d1bdf953bbf94de3d2286a03d3257023c92a0b23b1950903c026bb23c409ba53c81f61b3c03a3223df29be43c40d29d3ae90ce13c84d5053e6a4fcd3d851da63c6d7a933c1588563b96e7b43ce39d173dcd883c3aba11f93c8339013cb234c239a228803d7ae38e3bedf0283cced7393a31fb893c831a193eaaedd73d000000008d6fcb3bf09b8d3b3c94263ce571393bb91d803c0e64933a22a27a3b92ab6c3cf297843d0747503cb3dced3cdbaeb33c1870b63ad1e34d3dcbda7c3ceabd0e3d106cf83a1663b83c8552f93c7842853d71c9593ce3de123c7b3bab3c7e9fb23d595f8c3c60403e3b6cca183d8389a93cf301563d6b39fe3b00000000187ee93c82df013d1c136e3d2e7f293c3f49613d05b72d3c5c8d313d175a333c1a0e983a0ac00a3c036daa3c0137f33a64f8573b32e8923b5ed9843b76e36c398b33883a097e8c3c3ff64d3b701fd73b510eb23cf9faaa3c9252cc3cfe1e523c7d40283c23ba863d4cb6743b1dd5e63de952ce3bd98e823da8cf4d3d001f823b81c64b3c25acfa3b3a60333d31b1a7392cdf773c68ce083c18843b3d0ddcad39c0b65f3c25718f3aaf42f53dee2ac13a05cd673c7ad1713dc66b833c62bd873db439d13c2c2da43c2d57c33c2b8e133e7a92473d9f5fbd3b2feece3c8e63963df5ff303c6f0a303c55b4793b7851043c3f2f6d3d48b5b33b6462273c3bb21e3d1a37af3cda4e0a3d5aa8c33d66effa3b12684f3d8511023d66d8ca3cf720933cc2332e3d033d363c6fcc903ddf653b3c07aa3d3c356c613d929ad13c5c34143d328cba3ca7fe2a3d2b52593db975923c63380b3dca3c253c5ff29f3ce3f8223daf7b113c3759ca3b396b883c614b353d22b71b3c6e30133c028d833d6a342d3dea31333dbe2afe3bc651b63dd172c43b8ab81e3d6ed8023cebedff3b11014e3baf2f0f3b2f1d043ccd61333dd0c7003d7ced183dd3aba33c6af54b3c808ed639a40b8a3ecd86e13c1f44983ce1e05f3cb26ef33b3bbf863be4265f3c6018eb3d1559db3dcbdbb13b6e0e203a4b7a033c5096893c3467813c583b0f3d3d44473c6b516f3c55bbb13c00f7193e1c7a293cf724c13cefa9383d5809893d2c00053d5883a63d67ea543c899a223d3b79f03c4bb23d3c89b8263d223a923de4d5833cc825923a88e4d43bfed61c3ce654693de66e0f3c56d45d3c5a12883b0121ba3a137dbc3be906263bc216273c7fa2ff3b7e39803d0bbd033c3d20483d5d633d3c05cc733c7f69d73b65e5b63c489ad93b648b373dd759a43d63b79a3d6ebba9395113183c6fa2063b37a5383c9ececc3cf54b593b8fb9f93b29d91c3dc74dec3b014ce33dd46a883ded1a953ce5328f3c28c93d3db24ec23cf076353e0432323d9391a63b2e32ea3db5b5053bb9e3d53cf94b433ce221373d8f017839d404d13cc5648f3b00000000ef6dd73c1e432d3de7bc2f3dbeaab03d6795843c438cb839d488a93d216e253dc4b8c63c5aceb83c15b9473dc74f223c2ef2543cceddb33c01f6153d579d9d3d17d7393cf82dd53dfdd17e3dac7a6f396ce2033cc8631e3d07c24e3d200c033dd457803ccb429a3b4299233ebd40b03c2597973c2fdbde3c8ef1793c67072b3db22e403a6d8e7e3cd6b5b13c701f6b38a5520c3dd33dd43d4c1ec73cc95f193e05439b3c6905c6399134453b77a5e03a49a0b03d16daf93ce719bf3ca9141f3d947494622e, 'visual', '2025-09-22 07:44:45', '2025-09-22 07:44:45'),
(20, 84, 22, 'uploads/1755602325_LINE_ALBUM____12_2.png', 0x8004958d080000000000008c166e756d70792e5f636f72652e6d756c74696172726179948c0c5f7265636f6e7374727563749493948c056e756d7079948c076e6461727261799493944b0085944301629487945294284b014d0002859468038c0564747970659493948c02663494898887945294284b038c013c944e4e4e4affffffff4affffffff4b0074946289420008000032dc463d4fea223dbbae223e0bec8d3c7174dc3cf7ee173a18e3df3c30c8c53a8c0a853cfefeb73d3965b03c9717943c79202a3db5d8bd3b619a123da494a43df1942d3cf7cb8b3d56d8b43ba528313d90c4223c15c2773d29d4bd38690c113dbde5443cf38dbf3c7322083d7bf54e3d2e8faa3c658e103cf6dcbc3cd56def3ab2b7ff3c87f12f3b19c5033c58b2b83c3c1d393ec004ba3df817983c2654183d79aa9f3be09baf3c58ba013c99b3e43c15296c3b46c79039cf3ee43cc6ba433c3be2c73c14e8413ba536593ca9674c3d8aaa093d00dd953c40e1793d49b6f63c0a290b3d0beeff39c9455b3bc849b23c1ca1743c61d95d3d1e12c83b496b933c76335b3cc62a5a3d09972a3dbbb8f73b56a5353d8efddc3bc162b33b66a4013da9cc913b1c03f13c5d8c063b6725bc3b79eeb93cd481973d4b6d923c00e3913bf95b9e3cd8c9b73c309bf93c48d2973c55b1733d4f9d253c1e58fc3ccaf2113caa19113ddbed8f3cc081933d8963033b3e30b53bb50e2f3d16594f3d956dae3b6d79103e0b87893d4ebd883da7c3453c6da5893c2f8b9f3dcb8f923cf53c593d20d4d33be329963c4e63a73b926e243c2e532d3c498fa23da99bba397e1a5b3d8bc5203d2da8b03ca5ea503b26b6643c012acc3d43d3263d7464dc3c6437a03c5c7b6e3a340ab63bcac0653d3d0b953c3477813bdc263c3cf1cfba3cb2f5f73cf4698e3d5a6d483c73737e3cf57f9f3cbcae253bed74ca3bff95853d11083b3dde1b843be89ff33c78f2773dae93733cef636f3c68dc5c3b9ae7a23aceecf83c1402243d6963843c75a3ff3c2c36863ce717a638dd448e3d3dd5313dc0c3833c8cbe573bfddc263d61adf43cfd84ba3cd168d13b907d9a3986e53c3d2faa783c9633733dca03853c676d3c3d3476333d6e12e33c612b013d159b6c3ddfc2a53ddd0c3d3a6509cb3be705fb3bf818ff3c1c5d123da7c8e63c09e4993cf9e43c3c6119bd3c82c60e3cb07d8a3d0bb7263d6cc4263db53b9f3c31c22c3c0dfb443d414b853dc23f8c3befd8cd3c20d8813dcf33003b73bf853ce9ad903b8142283b97a8d03c42f90b3ef229283d731b233b032e913ced184c3de65b0d3dfeb73a3d31f2983c96a09b3db584063d9188623d9826b03dcb3d733cb8eb0f3db2b6933c3d1e5e3d2d5e093dcde9663cf491a63b8e4a443da06d423dbc3dd03c9d8bba3c0b368f3d795b983d633fed3bb0d5d63b1b13043ebdc4a43d9552cb3c9401f53b724e223c600aad3d2c496e3d3929ad3cff94093c5049643c026be43afca5083dc4ca1e3bd3404d3c165b2b3ca5af873c8504573d8613543d23a72f3bc6d6703b0f0d3e3b12a91e3abf369e3b2ed03e3c72586b3b55ac7e3b99a1133dfa0f5f3d5b11843c847edc3bec04983b00000000115c163dc546633ddd9d233b610db83cc4fd133c9942193dd3c3e73d3174833c769c443d83d3333d9cfb0e3e2e48fc3c18d30d3c9a9a933de9df593dcc6ec93c87e8c13df636253c8d6eb13a76e7733c585d463c0aedc43b9ddda03c3d9abd3d8f013e3dbe0ca23b97e8b23b3cb8853c3cb2763b5529b93c7310483c3e499e3a2ebf283c4bf5363c96c6213cdfaf893dbfee993c639c453b08acc03d9a12a93cd6bac63c72d5a03b50f9a73a8c4d533cb56e363df566903dab6f183db0e0f33c1b018f3a0206af3cbcd4453da7f0f73cdd91de3d1fa3ef3aea0fcb3c387f2f3c95dea03d31a0443c6fced73c68d3203d15afde3d2f65a83b79dbf53cd677803da6a08c3cf2364f3d8234b73c202e9c3cd3a8953bc824c33d5161143c56e5123c9822413d806ca93df31f7a3cdbe3053d40d8283cd163bc3a33c22c3d9a18ef3ca2311e3b0593003d8e04803d40090e3d3025a43d530a2f3d7d5ee73cd4b5ba3b06b96b3c18d9e63bb0f3693dce52c03aca72f63c4ccdaf3cc26e763cb8b9333dddce943c0c40293b4d34363c4407de3c8e12043c0c43c03ca168b53c72911d3c4c10893cee4a593d64a9903b7fb1423d77bcf83b03cd073d5f05d83c65a80a3b0eebfb3de17b013dab460f3c4285863ce7a5363d748d4f3ba82d243d402fd13b54ab243d0fbfce3c471f273b6e4ccb3a3a9c043b248f153cbe87c33c45fa393d44ccd53c8fa5df3c54a86b3e9706963ca9d84b3d4e13ec3c6fdfbd3cfd17c23bc3ae773cae9f0f3e6901bc3d4db9563a9bf0073ccdf6c73c4b1cfd3cd7e4663c0dec1b3d7f45bf3b3a6eb63cb3160d3bcd9e553ece6a2d3da482e83ca720963d9c6f1f3cf8ae3b3c7af2a03d7f6e0d3cf9ebdc3dec9fd43a933e953ceda01d3d13ae8a3d9cba1a3dd9ed353cdb03003d4c14113b00826a3dcaa4353a81b5133baf71e83ce5dd513ca02b123d322f2b3da7e15c3bab61b33c7e3d883b5301363d846e713c7d98313c812b343b445c2c3c3ef8523d8cc7c23cb6fc803dcf38c23d9a55693d1f69ce3b107d763ccdb3ef3bfb412e3d49cecc3c57f7a13b4b48013d956e283da4be513d1ccaee3df904e33b3d5c8f3dcf04093c53941d3dffbe013da221223e3c64c43d0452f33ccbe4823c3381c93c81c8d03b55bd9f3cfbf8db3c9ce7403c385e213d10ab543d3984d73cb6fcd83c3593953dfdfe003c3277243cd8c69e3c7571e73c3f8a983daa81573ded640c3d20722f3d7a11cc3ce8de453b26250f3a0c238a3bb68cb13ce649763d4304a53b6e4f113ec2ba863c8314a43b4a142d3d789a023d3a721a3d2becc53c8fdc303d41e4353c16e2c83d2cf0163da9edea3bb88ad03c549d4f3cd225ac3b282da13cc71d063d45e7af3bdd67cb3c456d033d6935133cbc8b153cb87bd63d3c15bb3bc605c13c8c706d3ceb06403b3d1f9b3d6427523d8b8e51393af9b53b947494622e, 'visual', '2025-09-22 07:44:45', '2025-09-22 07:44:45'),
(21, 85, 22, 'uploads/1755602435_LINE_ALBUM____7_1.png', 0x8004958d080000000000008c166e756d70792e5f636f72652e6d756c74696172726179948c0c5f7265636f6e7374727563749493948c056e756d7079948c076e6461727261799493944b0085944301629487945294284b014d0002859468038c0564747970659493948c02663494898887945294284b038c013c944e4e4e4affffffff4affffffff4b007494628942000800004d80733dfd933a3d6f55073e6fb7ba3c58b8243df90cde3a3fed0d3d6cf5b73b15ee9b3cd82d8e3da021403c18a5b93b7e14be3ca9ad9b3bbc92d53cf23bc93d4ecf4c3c7123543de8d3123b2479943d34ebb53cfee9af3d6a50963c3fcb193d03ee993c0497cf3cace2dc3cc7d2313d64e25c3c8224f03c6807d03cd6c2493bc83d9f3cdba2ab3b3e8e883b01f4eb3c5268293e2fb9e23da21ea63c2fcff83c15b67b3cf49ff03cbaa0c23c8f964d3d800b473b1ecd033b5476c53c48449f3b59469b3cf4ec053c7cfc033c8eb2b13c5f630b3d97b7073ba7af213d7ab1563c2934fd3cdfab8d3a9830b93b0b13013c5071313cbd70663d2473333b6628f53b92baa93c01e1303d452b8f3db473b63c6c50673dc73f273ccc3ea03a32e40d3df325313b7eae043d89783c3cb9ff913b03948d3dd5f70e3d16e6093d157c823b51f52f3d21dbfc3c6d04603ca36ab53c8f298b3dc71a113bbdd30e3d4fe44e3c12876e3c0f9f403cd49b1e3d6c3f873be121a13a34c61e3d9753513d61236c3cfe64f23d3eb88c3d95aed63d9884a73cd1989f3c3d0a163d8350823cd1405c3df3ab8e3a42af933c5d50093beb22313c1f718b3b147f693d6de63f3bc11f4f3d7606873c1469483dc8dec53a316e263abf05af3d78e9ac3cad24bd3c8d73a83ccae9423bab8c1e3dfbb0373d3ceae53c3414da3b26e39339f1f8aa3ca666533cdfbbbf3d98bb943ce6102a3d381b5a3d2d6f553c7a72223b1f20af3df91e213da50c853abea6033d8f22273d4f0d913ba0047b3cbf2e033cce769e3b58e45b3dbf743a3d002c163d7ba4623df0a51c3ced9f6f3bc4238e3dce6bb73ce207213d86138f3abe77ae3c1fa8dc3cb88a963cf722333c24d4a23ac2a4593d3b301a3d7114903d7b32383c2caa393debf6ab3cd68f0e3d0220183dc981363d2453a83d6213a23b25bd873c86e64e3ca6bb883c0da9833cf73b0e3d8d18183b239a823b6d95133dae17fd3bc8a9823de12b503dabad933cdc882a3dbc4e8c3b5e0b3e3d6356803d4827343c19978f3c3db9553d4ced2e3b3ebab63c216b6a3cfbfbf53bbd882b3d2e79133ef610e03cc9167e3b612fdf3c97479a3df819cd3c1a15053d1699343c291ac43da1111f3d48af9f3dd1ec9d3deb0c953c8954fc3ceea5003d7637483d4ed3f03cf2dde03bacaff639fd416c3d53a3873cc23cf93be2f4393cdf22193dd17f983d5923aa3bfee8993ca1e0fc3d0b18813dc08bf13c7b90a43b0400a03c20de593d2c4b713d45530e3ded7b7c3c0320853ce5cc873a6162d63c2c20993a891a313c8551bf3c8a42863c4049113d1fcabd3db6670a3b3b3b303bf82d353b1b82073b9b2d333bdedc9d3c6f00e23b3129253c1595333d9f236f3d0483183d77446e3cda9e193a73f8f23a23e51f3d1cdf9d3de581803b87f2c93b0014283c8250423dac47763de00ca73cb0655f3d2ed3033d9b09123ed82fc73cde94333c4079843db263003df5a8383d600fa93d2467363cffc9603c08cc113c58a24b3cd29ca03c199b283cbd77d23d50de033d9567ce3bef71693b1f8c093c8fb593355e6ff23c26517b3b787ab03ac8daee3b1f5c2f3c2631313c1c2f893dcf3a133c5c6a223b6560963dff48403cb5b9c53c8b43b53ad779123bb51f293b8398843db20d5c3deafb403d9e85133de751c93bb487073de6ee303d90258d3cc42f9a3d1c9f3f3c4caba23cdd10433ce817273de0c15b3caa44063dafef063d642c153e239a813c237b1c3ca957a93da4fc0b3cf5fc063d46bf1b3df2b0c43cefaadf3bf2d36e3d6fc0133c200a183dc49dbd3cb70a6a3d10c7ae3b11d57c3c2c3f083d236b743b8d2e063ddc7e913c51e8a43bb299ed3c7bb7563dbf27e43c20ac3b3d2b084a3d61ccce3b205a143b24c3583bc1a5b03b12cd8d3d7153363bd1481b3d19c2763c1b4b763c12d6713d1de3a73ce7b32c3c1a20c13c85e2003de31d8b3c7689953c173d473c581a973cb990603cdc72263dd6623d3b2ba0773db2d0853cc044de3c0e26ab3c0000000032d28b3d491a773bf5d8aa3c48f68e3c47fa3e3def2e093cdde9323d2653443cff55bf3c91f97d3d4462a43a8e00523b5e705d3cffb7b93c319cc63c7f96f13ccd64553d9fe0993c571a573e8701e73c7cce8e3d81ec263c934c833dc423863a7dd1b53ce7972a3e836eed3d63e4293c28df823ce7cd953c9c40723d995a0d3cc4502d3d6c8b053ccd4eb43c80982c3caf28703e5db2b83cd29b653cb539a13db8f6c83a7c5f413b777bfe3dd6946f3d173b933db81a8d3b30b2c53c41a9133d3099823d2120b33d463b383cffe1bb3bc95d223b333dd73c33c30739beef293c229d573d4a1c0a3c6a21553df3b3643d5a319f3b0aba7c3cfafaf43b86c0063d3a382d3cc5538a3cbe90043bd64abc3bd2316c3d15cf073dd091863d9f21963d1b1e543d46e1d039bd9e563cc601d43b4cec873c402d883c9f03463ba0de273d12be013d23064a3c192f863d3b9c073c4b11883cbba1c43c9497253d95a1993dfeea3d3e3033a13d895d5d3ca427c33ce162633d3970753b1cc2ae3c1b8a363de4cdfa3ba148703d24d73f3dbebd983b0de7263dd7e5823db9e7d63cd47da7394bbfc23b5bc8523c3abf793d4310393dde09683d1306053d6913383cd95bd93a40475f3c8f9c1d3c558e343dc7fe8b3dff9c7a3c21ff233ee78a5b3cdbb4ab3ae118903c1682b53c7b36c13ca5510a3d83e1023d7e41113b181bb33d0284ed3c6b0dba3b90d5aa3cb75db33b759b983c90e6ba3c00dbf53ca983aa396156733cb71ed43caba58b3c7e60d13b592de93d9399063c7d6f773ad1d9a63ca53a573b9064843d5480483d000000003261863b947494622e, 'visual', '2025-09-22 07:44:45', '2025-09-22 07:44:45'),
(22, 86, 22, 'uploads/1755602451_LINE_ALBUM____3_1.png', 0x8004958d080000000000008c166e756d70792e5f636f72652e6d756c74696172726179948c0c5f7265636f6e7374727563749493948c056e756d7079948c076e6461727261799493944b0085944301629487945294284b014d0002859468038c0564747970659493948c02663494898887945294284b038c013c944e4e4e4affffffff4affffffff4b007494628942000800008ef3ff3cbc32893cd42c223e0bc72a3ca24b993b11070e3dcb98023d73fa4c3bc103023c7855653d4a7ca93c000000009f6bf03c4db5b43a89947a3c1392d03ccfeae53b9d60c43d0708cb3bc6aded3dd1adab3cccc6d23d2a00603cb43a303cc13f893cea13823d54c0d93b2645fc3cac0cb23b1da67e3dffbf903c3895e83ba6121a3a4452e13cd40a343b88a44f3cd770d43d4c4c933d2f8e023d8f0c3d3d1509553a4442f33c1f03893c0159d13d000000009f11663b5b271a3def2d7c3bc3f5b63cf0039a3c02eb1e3d28a60c3dd5c5733da56b833b9444383da30c743ce39ec93c1de0ac3b2453343a7ecc683b0d75743c63b5d63db0d0d93cd444f33b6472803c647b923c8044403d8555e43c5bc6543d4984483cbf4ca83adeb7863a1c53a53b6d23603dee6abc3b2efcea3c62df8c3c2aba5c3d1323b73c389d2d3d4406033d52ff873bf636d43c83c3d93b08ea233d5ae4a73cb5c6693bc981f438977a743d7a3a7e3d4239983d08e2863c8fede23ca8abf93c47b82a3c0000000071b38d3d9266873d5ffba53d6e655a3d41e3023c01c93a3c91cd043d480c603d5680c83cf6276c3c434d473aab199f3c6562e93cd33c393e755c0f3d57ff783dc458d03c7948083d8f1c053bb964cc3c66d4a83deb8e9f3c8e67253d97f20f3bdf2c7e3b7c706a3cd6768d3bab13863b4acc183d04117a3c2eafd13d1be90d3cd984cb3c3ed38e3af9b9433ce135c53d3ea7b73c0b520f3c3741563da64e5b3d431dcf391e6df13c753e123cf30a083b1bfb403b650d833ba44c583d5316af3c15c5853cda03613c0b280c3d671f1a3cd018dc3cb8fd943daf01313c51b3823cfca2153cf771953ccb44503d0f42603cb7868f3c356ea93cc5410a3d7d1f103dfe39043c9b20ce3c1167223c32c81d3cacad063db2f1943c0281923d265d323d0344a13cd2a88a3c5db3443d50c6cd3c3166ab3d9b10313cee397b3d05628a3b1ab1143c994d863cecd1b43d5aed3b3d1771283c4547b63abfa17e3d5620853dffe1363d7053603c90d7643d7c3c603db2a0913adc1e4d3df013223a8785073b21c7593c0f5bc63dea5b023b0000000029c5343de310a73d9227543b3eed093c0d30c73b16a1d83d8dd2c53d9be3c43c62a76b3cf298bf3bcd7e953c7e19383d9321063c5d833f3d2514db3b5aa72d3cf1c27a3d825cf93b43cc353cd656663d3dda593c09d56e3dc8e7533ddfee313b84e7cb3da0d1d23d3eeeb03ca3d80d3c093f153da94e813de8e8893d56742d3cb3058c3b7f16303caf45963a27cdd63ddd6a223c05e48c3defb04d3cc647043a6579a83d07b4ad3d25d29d391842da3bab79353b5af21e3c0000000055b1f93ccf5dc33a7424003daed13f3d1f24513d18a8dd3cb6a50c3b0a8ca03c3bb7873c066aac3cc3ee9f3d2020223dcb135f3d57989d3b8b702a3d7bf0d63d497e3b381719fa3cd690813a97b7033ee5c3683c6f6d313b6917ca3dc57b6d3c8f29b33b3200af3cce93413bf3dc603b5577c43ba276353d2a0c233c80f0f03c1d99cb3dcd8fda3a5691733bee319a3a4ea8fd3c7065763ae8af323c8640893a38313b3c374cc23ad884fd38d8942b3cd4db453d8cb1133c8096d33c77c4c23d08198e3dfeeca43c9685823cb10e963afba3063d2c3c903d0025b53ddb13983cd642da3bc8560e3b9790833ce719b53bb2cc4b3d2a68c03ddb83803b751f243c0c53003d2681c23d2c9aa63cddb1183dd7c2ac3cdcce103e054a073cc02d213c73097c3d6176463d68dd113daec2973cdc97f33c2d1f603bc137f33dfcc6f33addd68639069e853ac702a43dd8563d3bf4ae443a3de24e3ca8ffc43b30252d3b5599c23b47c76b3d9c21233d8d27683ddabf423dab36a73daab8b93b7629c53ca431c43ca95eda3cc060f63cb2c8243d1f39953cd70d783d2794f43af946663c96a00d3d9b61c03b3128703df7852e3c2d13c43ce593a73cf76a363c7642793ca72fd43b7b03a13b9632233d77cf143c5b19513d862b353cca51373dfc670a3c8273023cd381683dcf8de53b9d81d03b72c2b03b9b08b73c0643a23c1d36303d0f473e3d8cdd6a3db0ee143c25cb8a3b09d8113c8656c63c82b99c3cc997543d7487cf3c910db63c9ca08c3b5a1b303ed8f09d3dc10a043d7a15cc3bffe6183d6af0763b67e1793cbe13323edb230d3e9155903c7393163d406bd03c0205b53cc08b1b3dfeb8083c6384993b4b2aec3c9279403ccd3df53daf36c23cb7e2c83c498e8a3db1395a3cc5ed0a3caca3fd3c9657c93c1c095f3d1938ce3c77fe1b3dc849983d27a6813ddd74d23c97cc523b2bda1e3c395d8d3c996a743d6407003ce73b5f3dbb03de3c618ab63b43cc443df5938d3d6825b43c3473353bf083093dcbd0053c3d58ff3cdd726c3c4bc5c33c557d9b3b9f75633b27e9733c682a833d35d8c53d1fc9953d000000005f21173d28d24e3aa1330b3d3dbc7f3d18517a3b3d57093d68c32c3d611ca83b205cb03d2fb20c3c7549883c0000000026728d3d201f9a3c3723df3d9852653d5922163c4238b03d9a29723d1941293c84d8503c5b31e43c80888d395efbd43caa8c503d4a1e833a3ef3323d566bb53d1d10443ceabb2b3bf4256a3bc6c0023da3129b3d909e0b3dd4400f3c74cf353df895423d34be5f3daa90b23ce387083dc73b713df803953de4cc9f3ced81dd3def25f13c3aa7db3a7606cb3c49ccaf3cd142053d9457363d9e924e3dc0d9cc3b32c95f3d89af873c5f2f203c3cbf0b3d1a49f03b4660833b7af1023c3e93423d3cbafb3aa57faa3c24cbbd3a30255d3d6737443ba938e43d6110263d9020853c8b50053c27c19d3c7512313dab7fdd3b01b4ed396ab56a3d947494622e, 'visual', '2025-09-22 07:44:45', '2025-09-22 07:44:45'),
(23, 87, 22, 'uploads/1755602451_LINE_ALBUM____6_2.png', 0x8004958d080000000000008c166e756d70792e5f636f72652e6d756c74696172726179948c0c5f7265636f6e7374727563749493948c056e756d7079948c076e6461727261799493944b0085944301629487945294284b014d0002859468038c0564747970659493948c02663494898887945294284b038c013c944e4e4e4affffffff4affffffff4b007494628942000800001324c93dff22bc3d23cd323df53c223df3ff0e3d5452f33b4799c13df40a973c9205493d8390603d4ce0653df2c6453c559c713a17d8843b64e8db3b689d4c3da9928b3c9be7203d60960b3b3d36963d9a19773cebe9313d7430d53d4153b73d12d6ad3cf635c73b46f2133bf38fd13cb8025c3cd5f7833c884fb33dd85d463ae73b2e3b689d4d3c8f910b3d7c28973c79158c3d5b841f3e9367053e6768763b1164a83a34d0ee3903b9c93b6d7d3c3ce446c03d41f0673b006a583c92ed4a3c25e50c3c3e46933b92c9da3cc843a33da9099c3ca88ab43c9965853d5b67283d9ffd6a3b7f06673c22f2983aced5d73c65230f3ca3478e3c28ba023cd17a543c6fe3363c87032e3d4fffee3c10c8a73c6b53843d5088b73beea1f03a3328b93ddac43e3c05d31c3bd0ffa23c42a2053c4c3a993d79b3b23d0ad0183bbff2383b4018053d00b4163dd805143d7622343d44de5b3de331ff3c60fb223c3344453c827f2f3c12dfbd3b1216cd3c6984093d00000000436e6e3dd595f53cb6eed33b8a6fd33d8d921a3dc6f26d3d7560393d7097ac3c4b414d3cde89933d5f2c613d9ffe883cc33b873d96d3f93b4db4a33bb9db893c0cf7a33d4573153c1e603a3c2e3d123d7e3e8b3d9068d13b0a64063b7bc73e3d540a3a3cd772913c6086363cb9e0263def38a23c231bbb3b28cca43c0d15843b606f6a3b3cb1273d748d563dfcfcf63c44e45c3de1e4353db9834f3cf833943aae0ce73c82d3433db924ea3cbbd4783cd19d593c5fa25d3c2f7e083ce05f783d5aa4193d4326f63c5450763da0bd5d3c8a85053c44b0873cc084083bdc14533d25d0083dbff5703cc7c6ca3d5cc0143d8213f53b922f0c3d19e5233d493cd33c6210af3b096a9e3c3f6a663c6cdd003d68a4cd3b07f6fe3c8ab60f3db11dd63ce43a393c87f2773d4f97123d0307003d6887cb3cc6940d3cc84d0e3c191fe63b549fb43ce7afa73c456c253cb1ac833d3213663c0904e63c3f2fd73c7228bb3b0343c13cd79aa83bcf769b3d3cbbd13c89656d3dd857ad3b289e103de6271f3d4594903c1eb3013b8b20853b6452903d8834e83cf825ca3b0deb043d308f643c92b7943d36a0c13dd251073c2285ed3c999cd13d634c953c6cff073d49450d3de74acd3c10dae43d821b5938134e993d6bed023dccfbf93c60a4183d56c80a3c84be313cb1bed03b862af03c8baeba3c956dca3c4002d53a3a3b9d3cb1d04e3cc19a6f3ddb4bc93d69478d3b54f0043c11a7703d6240933cc9305a3b2467953ce21dc83c1fcf8a3c1e48333c706a543c0a22bc3cc9a59f387b92ca3c9c2c4d3d2207813d27f1e23bd4ddd43b401f863d237f4d3c3173413cc27f763c18e7693b4deb793d1afb673d32e81c3cac3a7c3c9815473c35f0583c9918053dbde6093d371b0f3d1a6dca3b4c68b93b85fdb53bef89603d451d983c55003e3c5824cc3d5ba2a53af062f73c168ac93bf5dd133dc1262e3c2668873c1f2dd83bb5d7fe3c19110a3b7eb9d639d1f1443b1caf533c0dfe383bbd23063c7503263e2d52d23cf3a44b3c22d7f93cafc2223db639273bfd30dd3c4bde3c3dc224e73b3625dd3c7aee113c11820b3c7de08c3dcd3c453d1c8f3e3d91ca0e3d0e91683c3d40c83c4737663be0e8293cace4df3d025fa73d10e5ba3c70647b3dbbd0c83da7796c3dcfec7c3db68e043d1ede153d87045c3c000000006a2ce83c4c53143de53ff73af84acd3b34e4433cfdf2d03ce03c013d6281ac3cab1e373d43c4993d098d6a3c1dbca63ce3c3d73b86ab5a3d580eb23cadf6803cad1e553d8a71833c56fe3d3be6d0703d1e9d953c9a0f1d3d717b983dc383a53ccca0a73b04920d37fee5b63c92a16a3b7c72b73d681ad6388bf7893c6cefa63b292e0c3d9ed8163d66a3fa3c7daab23b2888833d0afaa13c48e5d53c0487623d5ca1c13d0a20e43cb14a6d3c4576823c4c8daf3c3dc81a3c6d87293bdb6dc93c650e343d33ce6a3adab0a63d943c7e3d0f8e133b05b51b3d18823c3d5cc9ad3d0135873cb129b03b6dc83d3d3ca31b3d3582143e4efe7f3cab0ba63d49ca6f3c4cc31c3cdac6b43caa52913df748823d0780b23cee68a83a4b50fd3b7d04353d2c52903b1dd7413dd981003dcc7d9d3d43e4dd3c24bcb73d2955d53c9ffcb13c1aa0943d83922038e8f7363caf0e303d65462f3ddbd4083d83363f3da4c7da3ce563593ca53e243b03de0a3db053ae3c00d30f3d92446f3d3714a33dd8f9153d3c83323d71ed6a3de78fee3c2455bf3c60dae33d7135293db3fd553d9f18333d17a4183d7284a43c43355f3d224fef3d614c843c244b1b3de9c8223a18ba133bf2d8bc3ccd25813d073c9b3b1b0ba63c230cd23ba9020e3d74a32c3cc7dc063d70a4c338cccb293cee56263c40e4833b168d7c3d05540e3cc9fb4c3d8a2f2d3c6d86f33d667eda3ca7d0d53d7685c73c65b8943cb801fb3c4d9ebc3cab27933ce101393b1e73153d77f1e03c7216bd3c4cdc0d3d2634703c317a4c3b7f132b3d69375f3d45a85b3d24b1663e7171e43d85210e3d62b9073d80026c3dadafb93c9e10b63c98aad33c5399143dab56443dc8db1e3dcf23263d4f94423d59c4573ded95a13c957d903c28f0283c067fe03b4679943b63c61a3dec5da83c4660c73db9fb8d3d1d988b3c790fef3b4b2f8c3c04631d3d7414d03ce6ad683ddab32e3d9d0ca33cd94d6f3cae449d3d87bc093ead8df23b4b5e793de7cdc33d02999a3c164edd3d1ee3703ccefb7d3c17ccda3be1f6183cabc51b3d02e7ae3c55be523d000000009c713f3c33f61d3d0be4f83cf4eb0f3d76745a3d7f61083cbcc8d13c583b613c0512623a363e233edd211a3c7e208439651ad139947494622e, 'visual', '2025-09-22 07:44:45', '2025-09-22 07:44:45'),
(28, 44, 16, 'uploads/27499_1_1755593287.png', 0x8004958d080000000000008c166e756d70792e5f636f72652e6d756c74696172726179948c0c5f7265636f6e7374727563749493948c056e756d7079948c076e6461727261799493944b0085944301629487945294284b014d0002859468038c0564747970659493948c02663494898887945294284b038c013c944e4e4e4affffffff4affffffff4b007494628942000800004e87bf3c3e04353d822e433ed273903c2b2a0e3c789c813cc311193dfb7dce3cc5396d3ce49aa13cb2f0f43c000000000ef5143cbbb5803cc510833cd792753d3cea3b3c7e05c13ccfe6bc3cc8be173d79c8983a266abd3d5b3dda3c3fe8843ce4ef3e39ed6c6e3cc776a63b408a8d3de28a4e3c4445803bdab0b63c251d9c3ba024743c445c8a3c36568e3c0000000008d70e3e3785a23d2a7acd3d0144c13c000000000797f63b8db3043bc4f4dc3c052ead3cc5ab9a3b1e26d33c0000000023e1aa3c1898d03a7fa1c33c5092693cc36d163cecef113ba727093b0b364d3c7f25553d9faef83b8a3df93bb7bc883bc8eadf3ce6a58d3c88c10d3d88e86d3badfb363beb36ca3cec1eac3c59eef53c2f6b8c3d8f70993a775e1a3c6ba1433d2e06133c8c31c03cf6e1083d6766643aad23e13cf9bbf23d710ce83c6089ef3cb776583ce8635c3ba802ab3c107a993c9e3fc73d8393963c2ba8a83b0f3f2e3c2733f13cf525f03b0bda1a3d4f14b13b6ccb083d1879603c74dccd3c1c4c9d3a9ec7e13c9ea3b03cd92aa43de57a953d168a2a3d097f463db60d083d516e1e3d4879a73cb2af0b3d00a8673a5e5fec3b03d5f73ad600db3d9e6a693cb9a17c3d19d4803c88d98c3df421b73a4702dc3b2e6c173dd8d7433dbe12ae3c0000000064e2643cc5e30e3ce63a9b3c262a0b3ccbf2253c9f9a243d8489bd3d52e0ee3b35982a3c61a79a3cfb318f3c1373cb3c7d98303b0ad01f3cdf61d53c6ed1413c486eb53c056f5b3d36920e3c879c553c0f27883c78c79c3bdcb9e03cd499e63c7d382d3cf51d123c4917083dcd4f113be405253d19089c3caf22243c37bd343d0c1c493a7763053de252273de936633c34aec73c2d53ff3cdb44143dd386453d096e1b3d92e9e23ca963043d382c2e3e4a906c3dc6c76c3d534ea53d401ea63d20b9be3b27a7483c20ed3e3d3834c23c951d073c3fdfe43c7fb4843d00000000cc1daa3cbb50b43b126fd53cb22fa53cbd37bb3a24e05a3ca0dc813d33cf493dadc06e3de5a92a39c4ba3a3cac0b033d86cc913c0882ec3b835b0a3a5ab67b3a5eada03d1ccc243e403d223c57e5da3b7eb2c63ce247953dc9905b3bc9a50f3c539cda3bdad5c63dc60e6b3d45a4353c1324913d24e4d23ba57a943d16853d382edeba3ca45aca3beb034d3cf472db3b5847a63cd050803dfa3a1e3c398cd63b9409d73b3b27da3cf8be273b7bc1bd3af7a4fb3d01bd3c3d9d40c93c2a42ec3c036f533a5060743d3a0de03d30fd773bbafb393b06f9603b53c3c03c3beda43d377c033ce121a73afba9fb3be147a13c3175923d67d8c23d547d3e3bc421903bd9d4b73a8023ee3c2125eb3bba19103d607a343c8884413be01da43c385c373dddb4083ddda8d13b4cc4233d81103a3939f55f3d9b38523cbb09a03cb813103d8364793c62253e3d1966983d3aad0d3802870f3d0bf0063d4bc26d3d3d446e3d2aa12f3ab02fae3d88b44a3af5c8fa3c88b2583d92c1383cf6bbdc3ccfa1273d3e414f3cf534763c9804373be5cb013ef276083d00000000c457113dd02ed13ca2c41a3b580f643b9ded223cf963423d4fe0b53c5758923a65a0443cc13fce3da118003b0ecc583c7cb7f83cb6eeee3c22f0ce3a8ac1ab3d0da7b93b974fa33dff8a8b3d8451923d22fc8a3de0b6273c7ceff53c00000000e899d13cab5e9a3c3a63963dce80623af65ae33c48aee33c92d5653d45539c3c87a4833dd2705f3d2e53f73dc45cf13b4168b93ba01a033dffce013a2d67693d9f9f563d179a6e3cd88bea3a25fdce3db418323d8b54b33a5feb853cc44f9f3d3fd8793b6bfe0c3d17cf193de8026c3c143a8b3d5a24363a2035a13c0729073d077e833d8960943cac03393dd3dbcb3bee1dbc3cf67cad3bb876f73bd857a63b43ad6e3d53d9043de6f0c53dbd8ff73ca3ba2f3c5fd8423d148c613ce4bc163d414fc93ced5b933bae49893ced6b433def6f103de2c66e3a1774a23c39382b3c9fd5f93cc053fe3bb54a3f3b2e61b73d612ade3b3533103cd033723d2ecc443bd3142e3de7a1ca3c59a6bb3cc68ae53b453f6c3d3577963ce32ba43bc56c063d301d063dfb92593c71e4cd3c9772ce3c8348533da010723ce055683b3c578a3c99a3de3d2c25da3d7489d13c246a293c14cf363d3d60d63cb00ab93bc0a3a13d72c98a3d7b4db13cdd41c73cebfa6d3de076513dfc811c3df7143a3dc8a8323c6cac843c63aaa03dd1fc173e050ef83c73926a3d52a8e73d7636363c67e36b3a77e0623de045e83d7d7e173d519d5c3d3acf173b8aeac13c86b9d03c5cb7ba3b24d9043ba6d6c03c3f12bb3aa31f4e3c13b4423cb699193cf0eae73a8e5d343ae33d873c6820453d34f57e3c84ebc13c80efb33bcd16e83c4570853d6c29763da1468a3cca28183d0225e83c3c335b3cdf17a73d64a1093effdeac3dee83bc3b920f963ddbc3843cf0ee0d3ca50d4d3dae0d7d3a3eaa5d3be2879a3864f4223d6254803d300ee33c988d7e3ced39c43b8ebf203cb0e3b83c8b7d173e848a223dcbb3993cb465303d53e54b3db765823c5c08013d125b013df37ca63b1a4c8a3bc94bc43ce7d6c43bc7cc153d1b0d093e8607123defeb9e3c10b6163c9a71803dc8dc193e7e92c53d29f9353c88e84f3df731473d617b593badb9e23b4f56bd3a82080b3d2b72243dd34d6e3c8a08303ee5a10f3d671b323a277da63b0c9ba53c2ae2a23d8e2c343c1ac3c33cc76df63c11a03b3d9830be3bcee9c737b83bbe3c297e7e3b7b7ccd398947113ca86d5f3ce2729e3b57445e3c99d4b73cc440293d25ac323b93950b3e70e06f3bd386143c00000000a7468e3c4d18823d665b6e3bde38203c84a8253b947494622e, 'visual', '2025-09-22 07:44:45', '2025-09-22 07:44:45'),
(29, 45, 16, 'uploads/27500_1_1755593287.png', 0x8004958d080000000000008c166e756d70792e5f636f72652e6d756c74696172726179948c0c5f7265636f6e7374727563749493948c056e756d7079948c076e6461727261799493944b0085944301629487945294284b014d0002859468038c0564747970659493948c02663494898887945294284b038c013c944e4e4e4affffffff4affffffff4b007494628942000800007a93013d918a223d5cff753d0e62883c0dfad43cfad2ed3b07241c3c8f31e23cc289473c2b8d9a3dddc5b83b7370e53c1c2ce73b3bc7683c0ecbaf3ccce7063df57a413cb1decf3c57e11b3d18e68b3cc191943ce527a73d364c4d3cbc97b53c49778b3c6d7a363d7a44063d8a09e03db240463d9f659d3cdfd2403bbf47dd3c35bc033de2a8c43b977a113dab9f253dae76173e855d073e9cb1383cea12ce3d3b64b03b274c0d3d9345a33ca7ee3b3de20aad3b4d98383c0eae3d3cacdda53c9cb6943cfc7f343b13e0b83cb8620e3d4ef2463dc358cc3a407d7f3b85a41f3cbb3de63cf1471b3b9005033adc3c8e3cabb8893cb6ec743dbabd383c927edd3a167f4a3c09a9463cba50413d1040473d81e0813d98f6f53bbe18dc3c7bd5073c61fdab3cec9d623d161a4e3c44aab53c1550173dd566a13ddc39a83c63b3063c4015423d49ae783c57cc253bdded103d8b2b1e3d7ed0b43c0c26d13cacd9a13b32ebd33df2f4063dcccfbb3c53617f3c05a43c3b92e41b3cc4a96d3c6778373a7f17c53df3c7513d50969f3d84e7b73c38dc5b3cb65f893d051f193c55ac923c5caf293bd9b1963bb0b5fb3b7699bb3c64e8523d0ef5d43d7176893c5fec6a3d28f5573dec819d3c63af863c936bfb3c61b1b73df05bf83b599b193dc9be0d3d75f5c83a931ca33bd4a2893c5dc6773cf3cbca3a4aecad3875819a3c1932dd3cb806323da720203d1352073df9514a3d0b128c3c32df843ca26f863c553c263decd8443b28158b3dd5e2af3810cd093b0d706a3c90c01f3c7a351f3c35ad1e3d0786e93cfbe18f3dcde7b73c5022703c1cec013af56b823d69610d3de5f5d23caf9aa03c4dd0a63b839f153de9d6e93bd087313c90fd353c154bb13c05dea63d3d21363dfd20003b89d6873c788bc33d4a90953bb34e2a3da41c0a3df9697c3c8897a63d75ea013cfca7943d98f2803cdf75773d4679713c605bb83c6287a03a219e133d3714b13b3b74403dcd96e83c34e6043d6bc5f03bf6d8b53c5b14603d354eeb3d430abd3c9b249c3b3e273b3df3efbb3b21a1433df76b033d8a37d03be0a2b83d1c4d263e66e9683dda38643a2e56953c3f50943c2840163dcc6f773cf5a54c3cc7c6963ddc7ff73c40206a3d9b34d73c402bb23c62e6db3ce79da83c3527823c7eef143c816fce3c9a64233c878c8f3de9682d3d2ae61e3b6925ae3cb22a983d8b289f3c3d65e43b8e2d763c9989ae3d5160303dba8b2e3c2263063c7ba0893cfe9e493d64e98a3ceb6c303dfc73c33c83e6e23b5506d33b96efe73d1d77053c2899773c61ab5a3cf06fe43ba36f823d8166683d0a102a3962403a3b2a9a793c488c4c397f16103ca4f2f23b93c4e43cb1d1203ce9fa1f3c61d5a53c7a99b13cfd421b3d4837a73b39991e3c2060e63cb9f92e3d560f133b8f3f953b73f6813d0a537a3c49d7633d5df1103df5f8c73ccef5ca3cabc4c73d77592e3ce9bcc73bb6088b3d71a9723ca985123d0e03fa3b8c55d63bcac43b3cf704303c76139a3cbf462d3da458ae3c8f902d3dea077d3c6302d13c34e8f43a8055013d0803043b99ab823cd486113b42c72c3d72eeb23ceff5c33be24c2b3de7561c3d9372843cc742943bfb1b9c3d4086803ce7ad0b3da1f0653b82104b3c3ef4563d55c9be3db1ab643c66fe8f3cca4e083c147ae13a9202453d95fee83c149af43cb681463d42d30a3d1437443c9e69b33c6bfb133d54c38c3b82ebd53c8490ab3da8c1993dbf3bb53c255f243c9dc7ae3d0587763c7bd8a23d67fcc33c4a48093d05d1af3c3d40b73db45fa23c6b23273c5555593c30694d3dd504253c4a70a13c5fd6643d623b263b8ea6133d758d1c3dcbe7ce3bc5b4ff3c50a2323d11f1e13cb8eec03c28269c3c2ace893cf4be163d7728f73a253bd63c7bd64b3d90fa803a32a8cf3c00000000a3a3253ce8200a3dfc9af73cb25cd93c568ff53c48e53a3d9e27533dd45f153c87351e3c1471563bc2d4303d26441f3cf681b13c408b6e3dfce9813c00370e3d75efce3c82e8ee3529d9f23c6df0f53bf2e9683d55f3833c7b9ea83c12427b3cc0995e3d9af0f23cd23db53bdf4cdb3cadec093b420799394588433c0ecd0c3d3a96be3caef16d3d6f5d363dffccd43ae04a473e2a9a3b3d665e883d7fc08e3dfae7c73d9ccad73b3249283cf90b1c3e4961db3dbe34903b94017d3b29ba7138aa7b903d4aefeb3bb4cb323dd7260f3c94ebc73cfed7dc3bb5ce2c3e3388d63cdf57023cef1e1a3d991cdf3cde2bd13b9ed50e3d76ae593ddad6ba3cb17f773b0af3a13db05fe13c4fbe0a3edd226e3d522ee33bb408213d19081f3d89a04b3d4d73973c51fe0c3dd1a16f3d22f59a3b7af8c93dbf0ba13c92f15b3ca63dfc3aee346b3d0379153d3709d23d004c7f3cf557f33a4363ab3c6f90253d5310ed3dff5fd33dfab70f3eec56893d14155b3c5b242e3d3608f33b47ec673d0973883c014a2d3c58b1773caf29843b57e8213cc3edf63d08df883ca1cc083d62b0323d812c003d1bf3273dd802c73dad847e3c6deb5f3c42d6403dde2ec93d8cfe5f3dfa38153dc6c01b3dd2c3ce3a02e42b3d869c413decf2603af24bab3c2563cb3d475c133d807c803cd94c8b3c1922033daeb8863d9700cc3b700a9a3c155db53c55959e3c03863f384e54423c1dc6623b4c93673d87169a3dc22dfb3ca69b303e9e68a33b8705a83cc6b3f73b7ab2bf3c3a6f593de413b43ca8020f3c97173f3a4f21d13d5a5e013c3f3e2e3cce15043d83896e3cd0f8003d1229623c679b1f3d1138f53ba460913cec74133ceba1dd3dd8f5a83bdeb28a3dae768b3d22f2043c41688c39aeb0283c0ee0e73dfd87213dabc0b63c4029823c947494622e, 'visual', '2025-09-22 07:44:45', '2025-09-22 07:44:45'),
(30, 46, 16, 'uploads/27501_1_1755593287.png', 0x8004958d080000000000008c166e756d70792e5f636f72652e6d756c74696172726179948c0c5f7265636f6e7374727563749493948c056e756d7079948c076e6461727261799493944b0085944301629487945294284b014d0002859468038c0564747970659493948c02663494898887945294284b038c013c944e4e4e4affffffff4affffffff4b00749462894200080000d25bc43cf298753dfacf673e8175d73b705f0b3ca56ddc35cdcb893dc276093c0ca97d3dfdab183d0da12d3b9225c53b39e72c3d8911643bf306a23ce1bf283d2bd0903c6d63d93c4f1f383c0d0b1f3d1983a33b764a853dd6f3903c5182773d6b7ab53bfba7143cec3b243d7fb7863d4a8bd83b087ec13b7c09573d3448373b1c928e3b17988a3c7015d33c0100a43b9a87213e57fd6d3c1bad5e3d4f889f3b9bb9da3bc14c053d4b09a53c78a52f3d314e6e3b898f7a3c3ab7ba3d710a873bccfb9f3cd3b4d43ba1fe553c9408bd3c33cd9f3b7d13bb3bd8350b3d07f32d3ce713803d1bddcc3b25db493d677c813d4eb35c3c918b583dc31ac63c1339023b512a893c28d1e93c9541813d7f44043cef37373d01e11a3c000000003c6bf73cc169b53ac017e73d8f17803b25638d3ca123ab3d6b0e5c3d9e2d9f3c9860cd3a1410143a6a58903ceed0163ca741853a21de013e367a1d3c3de9503df0204c3c30b2293df266d93b4b3d863d26ce2a3d815e153dcf4c253d11e88b3c8390193c7d51c63df6e51f3d1560ef3d4d1e953d1dd0343cb1f0943c074fa13c24269b3d88905d3cceafd83ccd7d5b3c8cdf8e3a1572c83c7fa80c3edb154f3c18e9c53c04858b3ceb60fa3c000000007fe2483b3686c63d84bd133decc7273d2744753b6931053dfb129e3cb339b03c492bc93cb7dd933b5847203a1d5c583dc860af3cb5dc8d3d7ffc213d332b2d3cf075aa3c57d1813b2824e53c2b76a23dc352d63b971a173c4b67d33c079c9f3b0f80e33b5861aa3c2f43ca3b26173e3c88c9643d0c648f3dbfb2c23b349bb63c3b08a03c39fb9e3ca0ffde3cd0c6bb3c0fec063af779553d44b1683ca165e43de61f8b3c077fce3c00000000d8f51f3b3ee9363dc7ffdc3c4b2b843bc796983d3ea1c43d6788163d05452a3c4d214c3ddbfd3f3d41bff43bef0fdf393c16133cfc1ec13ce8c0033dada2c23c5bbfbd3dfde2f93b3790103ceba10338b8aedc3cb409ae3a3050213c8e6bac3a3d507e3bf008063d93da9b3da00d7a3bf2e2193cc36f103dabfc963bf95dcb3c9e7e3d3c0000000057ab053e3e54ce3dfbb1573c0dd35b3b7e75523de0ace83ce33f033d62f1bf3bc78c113b8703973d4888d23c79540a3d866a6c3ce2d74f3bd94a523d8380283ceb597b3d06a8cd3cd5dcb03c2ded553aa0f3503d78e76e3dacfa583ca01c7e3cf50f533db664c93c0765113ca46b273d3f89e93dfe65db3c78aa803c5d9ddc3af635773c6cb6dc3cd1c7ee3c6fd1233c000000007078323b2355de3a1ea77b3c153d9e3c7adf0b3b4ac2213ccc7d723c5d52913dc765a03d000000005c35b83cac41fd3b2d252d3b865f263c5745313da3de9b3bb4c8103aafd3c83db3328a3d2ac3463b1d7a1b3924a31b3bfe72293cbaaeb23ceb43383de924fb3c58d4ed3c5f8da53c2b23bf3b7001c43d000000009645313dd3d9f23c75cace3dc6727b3d648ea33ccccfc33c856ce43ba0628e3c06f2813b50d7733b0a18c03c88f36a3c7aa2193d1d49873c365d053b0d1b593d77ecee3de235613df342b43ce866183c7ec6913a4011123c27bcc93cf9199239fb014a391d2f9c3bd3e5203da35d3c3df3b9713d089aa93854ce213e7879083bdee8bb3cca5d313df6288d3cfc06373d7fde873d3cdf193dae6d7c3d1b39e83a2e25eb3c000000004cdb513a42a66c3d8e08ac3d8b43c53b58a9c53c6f9ae73cb4f2cc3d963bdb3c0d349e3cf86f7e3defffcf3d23ff453b1b57683bdc63dc3d78ffdd3a6345703c12448b3c84470d3d6d85383d6fa1423d053bab3920c4033c559b6b3b4d5d053e3074633a7c138e3ce395833c91acf13b1b23863ccf013a3b795e293d8cfddb3c69b0d03c1f22c53c8eb29f3cff5ecc3cf79fef3c5ea41d3c876e883c258df73c0edf283d4f240d3d5d91793da7ae9c3bdbfa903d4f6baf3c15873a3cb1fdf93b3d8ca83b9ca6a83c40dc033d95ef993c630e863cb9c46f3a7793b03b123b8f3c574e123d0cf8323d2b1e923ce4803f3d490af63b6cada73a4f8fb53d70961a3d429f983b7795203c0a64493d0a9b553cef453d3c8c3bfd3b1a94f73b72c4ae3c8a6b713ce996bf3c5466ba3b9d73d13cea18cc3b8b55e83c1d8b183cb5c59d3d6647e63d7784ad3bfadf363b20ecb23c981d113d1bd54e3b0f63643c441f083ec9b7b03d31d2033dabda233ca963523ca0b6b13c516a0f3d9107483c1790c53bd02f3b3d9f26de3c11c4ea3daf61033d9b12bb3d56d1bd3d8adffb3b49d7e73aeeb9903d7b4a9a3d872b0e3dd2ed0b3d17c28f3b5bfeaf3dd788943d7d86213d568b123c7eebda3960030b3d2f80a53cb37dfe3bb57f473cb4980e3c4606ea3ce4e2403cf1eeb43da2d0063dc8b26c3b0800c63c72e9d53cc8267a3d175cb13d00b1b33ba2528c3c3d2f003d6321193ddd4b343d7e37ab3d53ae343d8715913cf712083d2fa7883c6a15b33c36b13b3dcd84563b3eba4a3d594ab43b5ad6533c4a6e023eba19513a09042c3df683c43b8906623d91d10a3c1838173e9bcb1c3de081bc3c73fb8b3d02720a3dd468a63c51dc703df28ec43c9bbc893c399e103c9bcba83d00f9bb3c3d47863d76ccbe3c3fbcbb3bc6a6163c2949253dc99efc3ce3f6c43d6a4b633c15eba53c03e9b93c7121563cfcebd33a2f23413cc6d5363c9aa0d23c1adc543dde3d343d96c5833df7605b3d6263e03b8d26593d91c0663d0ee0283d4835a93ceb5f2a3cbbdd5d3db8ff243d4a6f8a3c8cedc73b6bd3c7399d3e0739af2f4a3ded678e3c8cbde63c00000000593b8f3dcf65eb3c52afb03cc167e939fc61213e8074b03caac2713cdd250a3a23a18a3a5e04b73de7ba2c3d91aecf3cd4a5743b947494622e, 'visual', '2025-09-22 07:44:45', '2025-09-22 07:44:45');
INSERT INTO `image_embeddings` (`id`, `image_id`, `house_id`, `image_url`, `embedding`, `embedding_type`, `created_at`, `updated_at`) VALUES
(31, 47, 16, 'uploads/27503_1_1755593287.png', 0x8004958d080000000000008c166e756d70792e5f636f72652e6d756c74696172726179948c0c5f7265636f6e7374727563749493948c056e756d7079948c076e6461727261799493944b0085944301629487945294284b014d0002859468038c0564747970659493948c02663494898887945294284b038c013c944e4e4e4affffffff4affffffff4b007494628942000800007649fc3dbd35003cbe2dea3d575cdc3c07e24c3ce22af63b40647b3c378a283c9fac753cc373853dfb63e23a6d291b3c6ebe273b8926263c98e9b53ce8a3863d2b58c03c6e23653cee102d3939ef4c3db76b083d2057d53dca7bcc3a4bb21939e88e433dc1428e3b7cf5f33cdb88333dd731203ccf8bc43b8996273cf35fb536e31f3138f3eb273baaba8c3b00000000856a193e9e465f3d2a24033e520e8f3dbd010a3c3c46ab39b391233a3663683cd2931a3cc7edbe3b80134b3d3004543c7d7b4b3c32084f3bc41f6c3a3323e7380d1c6d3bbdca643ad26f153d9c7dec3b1de4e43cf1c8aa3bc1bc053c41dc4a3cf577903cb84a003d034e353cf507bd3bb1a5763cdae7513d50ed233dce20643dec1a753d24e6fc3bf2538b3beaf53c3c1536a33c79caf53ce9e27e3ba296913bc7a5b23dcb32b63d33c68d3c1c6aba3b80938f3c61cf373c82e0953ccd82193dc682073d137c2e3c6f13993cf1b7073d1692993b62cdb33c5e5bd53ce20c463cf2f39d3c0665c73cd32ccc3c9108903c397e983db7f84c3c0f339f3d9bdc733d7f1dfa3aaf04483dcf66df3b946e6b3d56aea23ac3e4e43baf482c3abf6d463cd6c3763c506f653d4d04da3bd7a8813d9e7d803d48cbc43c0000000085d0d63b60bfaa3d9637aa3b7df18b3d95c10c3ce6b37a3cd9d9b03cd0b0a83ba156cb3d00000000ad0f353d65e10c3d287d8f3cfecf523c17443b3cdb04ab3b1d5afe3b26315e3c6b9e123baaaa0c3dab6ae33b46fee53b9c95003de263793c53a5363c55693b3caa2e133ba0fa0b3d49e1383b587d833cebad533d0ddf163d7017d83cbd1de43a1694b63a20cd203c14fd9c3ddbc305394a55173c3f49383dd652803b5d98363c9ba34f39e80a073d1834263c62c2183d3d9b683c2f48e43c200e153dec0c943c05c4503c6c362d3d0cb05e3d38b0403a7520133daa72293d0f97873b4505233cc419e93ba972243dbb5be4390a278d3ca130653b62fc553d0e25c33b7d901b3cf4b66c3bb2ad5b3cbdd9b33d4425e03c8ad39b3bbb9e073d51180c3d4f1cb23ca2ec4a3c6a5efc3abe6bb53b0cb4c83da0f1243e216f2c3c65e4143cd6a3753d4459c23d7b09c83c2b45783c35aad93c2d76fa3dbf4e1d3d6548183d64e3953d33deeb3a485cd03de182f23bc8b2c03d9494d83cf903ad3cdcee5b390450943a432a423d239d683b1dec4b3a98e71e3c70e8cf3c5addb7380ebf403d7024023eb779c53d59ef0d3b96cc213aa7c9e43be4570d3de5e74c3d64cff83b1fbe283d18e9c83c03bacd3aaac2873ca3f4303bf417583c16da033b9a52003d44f33d3e1770ac3dee38c33bb3c36b3b0000000086e69b3b0000000063325d3dd40bbd394c6de03b173a813c9d2b783d1a69253c1becda3b98c58a3cb4968c3b4198aa3d4511cf3c4eb8b33b0baa3a3cf012353ca19d553d685edc3dd9434f3c2d9e253c250cc43ac4cf2a3ea291983d4970d13b27e5363d5f2ee6399112123d52481e3d000000009f8bbc3b47b0b93ca1abd33c3e6ae23ccd45833c70a68f3df4cf613df8be673b7d29f43a5d76d63b14ed1c3a3ccedc3c722af03a7ebed53b6941253ca836053b97519c3bb77b913c39f8113a15e3623b3fe1c43dde54923c3104dc3af9420a3da897d738c262a33c6643cb3c6c0de73d0b269c3b8735583d6845d13ca3e0d8392ad7623928c7613c70e3973d57a1a43936031a3a27d0053c5266213c580c1c3c1d13cc3c5d75b63ccd773c3d52158e38e0bf483c370ba13dee65b73a7848933d292a453cbad48d3cc8b06e3c5ddfe73d8cdcd73bc818bf39dc24603c43cb853d6994013cf44f343c7325013cce2da63a6903103b45ec023cd0c5ea3ca3dc303cc0443d3c248a5a3dbbb8d83dc1fb393b526d913abea2c83b259dad3c78e64a3ca18e6b3c716d2d3ddd00533d69a5683c264cde3b4f5ab33b0adaf73c6b6c6d3be55c5c3b7b9edd3b3a80ec3b153baf3c15b5023db2d6de3c5401683c0dc3a03cd646393cca432f3dcf4b6c3be4b23a3d2b41933affec3039c09bd63cebe5163d98fb923c4a15b23be755403d59ed593b10aea53c7660bd3a556cbc3b882bb13bd6b33e3afb13153b71ca033d7605a53aac224b3d452a4b3c9ac9063c5159093da32a833eb4e5eb3b0427273d4375ce3b174c373a14571c3b9e5e5a3c9d09093e3b53143e3d075e3b7baf0b3c04cf4d3c3ed1443c6205183bb4f5503d22e7053ce9154f3c1fac8b3adfa8063eab43263d4aa5283d981bd03da2d7243b733cec3c5a9a953d7120073d4a31893d0c5ae63bf2f2fd3c02a5843d77ea943dbf49423d36e4043ca9b5a639056b293c1b71173da675073b5881cf3c0506dd3b2dd64539d6088f3c637a1f3d7eebca3cfc594a3aa608873c28c7b13b61b50f3d0549133c376c493bb2d30a39cb76a03c02c0e43c5cc88a3dcb664a3ef91c843d49ff14394a9d15393567b03c653f743ba8b9a53c60ded43acadc9b3c1ffe653c8cfa5d3c1c6a9e3d8a4db03c1591843ba377753cf6c9403ce918b33df16e393e3a9d343dd83eae3cc2f1b13d5315ad3c258b4a3b85e5183ce2ee1d3d6b371c3b5865e63c0cce863c5ee9023d8c4fa93d9f2da03c49391d3d10d41c3dd773b03b302d0b3c63f95e3dd6a6ad3c11ee8c3bdf3b223d5e36173dbb62d43bb385073c3ee8993c602fbb3c7c1c923d351c1b3a25c2083e86fd2e3d000000004361c53b404b083cbd46bb3cc944943c1cdd533cdbe3aa3ba3bde43ddb87a73c8d41123c2088ba3b1c82d83b18101f3df84e1b3b2ba1943b6adf303b155cfa3a1393263d8276853d59088a3ac1082c3e6b2eda3c62cf0a3cafbc4f3baaf6ea39a2a9ae3dabf92c3dc903ea3a28e1583c947494622e, 'visual', '2025-09-22 07:44:45', '2025-09-22 07:44:45');

-- --------------------------------------------------------

--
-- Table structure for table `project`
--

CREATE TABLE `project` (
  `p_id` int(11) NOT NULL,
  `p_name` varchar(100) NOT NULL,
  `description` text DEFAULT NULL,
  `status` varchar(20) NOT NULL DEFAULT 'active',
  `a_id` int(11) DEFAULT NULL,
  `created_at` timestamp NOT NULL DEFAULT current_timestamp(),
  `updated_at` timestamp NOT NULL DEFAULT current_timestamp() ON UPDATE current_timestamp(),
  `p_image` varchar(255) DEFAULT NULL,
  `address` varchar(255) DEFAULT NULL,
  `site_plan_image` varchar(255) DEFAULT NULL,
  `site_plan_width` int(11) DEFAULT 0,
  `site_plan_height` int(11) DEFAULT 0
) ENGINE=InnoDB DEFAULT CHARSET=utf8mb4 COLLATE=utf8mb4_general_ci;

--
-- Dumping data for table `project`
--

INSERT INTO `project` (`p_id`, `p_name`, `description`, `status`, `a_id`, `created_at`, `updated_at`, `p_image`, `address`, `site_plan_image`, `site_plan_width`, `site_plan_height`) VALUES
(1, 'โครงการตัวอย่าง', 'โครงการบ้านเดี่ยวสไตล์โมเดิร์น', 'inactive', NULL, '2025-09-21 22:13:10', '2025-09-25 04:29:41', NULL, 'กรุงเทพมหานคร', NULL, 0, 0),
(2, 'บุรีรัมย์', 'โครงการในบุรีรัมย์', 'active', 4, '2025-05-22 08:59:21', '2025-09-22 05:47:33', 'img/OIP_1.webp', 'ในมือง บุรีรัมย์', 'siteplan_image_1758518485.png', 892, 630),
(3, 'กาฬสินธุ์', 'โครงการในกาฬสินธุ์', 'active', 4, '2025-05-22 08:59:21', '2025-09-22 05:46:05', 'img/istockphoto-1270000116-612x612_1.jpg', 'ในมือง กาฬสินธุ์', NULL, 0, 0),
(6, 'ขอนแก่น', 'โครงการในขอนแก่น', 'active', 6, '2025-05-28 05:05:07', '2025-09-22 06:01:02', 'img/Khon-Kaen-1.jpg', 'ในเมือง ขอนแก่น', 'siteplan_eOyKpVt4LUvowItdfuQ7PUQDm3fPr1DsHqI1lW9Q_1758520862.webp', 1280, 1813);

--
-- Indexes for dumped tables
--

--
-- Indexes for table `admins`
--
ALTER TABLE `admins`
  ADD PRIMARY KEY (`id`),
  ADD UNIQUE KEY `username` (`username`),
  ADD UNIQUE KEY `email` (`email`);

--
-- Indexes for table `house`
--
ALTER TABLE `house`
  ADD PRIMARY KEY (`h_id`),
  ADD KEY `house_ibfk_1` (`t_id`),
  ADD KEY `f_id` (`f_id`);
ALTER TABLE `house` ADD FULLTEXT KEY `house_search_index` (`h_description`,`h_title`);
ALTER TABLE `house` ADD FULLTEXT KEY `idx_house_search` (`h_title`,`h_description`);

--
-- Indexes for table `house_features`
--
ALTER TABLE `house_features`
  ADD PRIMARY KEY (`f_id`);

--
-- Indexes for table `house_images`
--
ALTER TABLE `house_images`
  ADD PRIMARY KEY (`id`),
  ADD KEY `house_id` (`house_id`);

--
-- Indexes for table `house_type`
--
ALTER TABLE `house_type`
  ADD PRIMARY KEY (`t_id`);
ALTER TABLE `house_type` ADD FULLTEXT KEY `idx_house_type_search` (`t_name`,`description`);

--
-- Indexes for table `house_views`
--
ALTER TABLE `house_views`
  ADD PRIMARY KEY (`id`),
  ADD KEY `idx_house_views_created_at` (`created_at`),
  ADD KEY `idx_house_views_house_id` (`house_id`);

--
-- Indexes for table `image_embeddings`
--
ALTER TABLE `image_embeddings`
  ADD PRIMARY KEY (`id`),
  ADD KEY `idx_house_id` (`house_id`),
  ADD KEY `idx_image_id` (`image_id`),
  ADD KEY `idx_embedding_type` (`embedding_type`);

--
-- Indexes for table `project`
--
ALTER TABLE `project`
  ADD PRIMARY KEY (`p_id`);
ALTER TABLE `project` ADD FULLTEXT KEY `idx_project_search` (`p_name`,`description`);

--
-- AUTO_INCREMENT for dumped tables
--

--
-- AUTO_INCREMENT for table `admins`
--
ALTER TABLE `admins`
  MODIFY `id` int(11) NOT NULL AUTO_INCREMENT, AUTO_INCREMENT=12;

--
-- AUTO_INCREMENT for table `house`
--
ALTER TABLE `house`
  MODIFY `h_id` int(11) NOT NULL AUTO_INCREMENT, AUTO_INCREMENT=36;

--
-- AUTO_INCREMENT for table `house_features`
--
ALTER TABLE `house_features`
  MODIFY `f_id` int(11) NOT NULL AUTO_INCREMENT, AUTO_INCREMENT=13;

--
-- AUTO_INCREMENT for table `house_images`
--
ALTER TABLE `house_images`
  MODIFY `id` int(11) NOT NULL AUTO_INCREMENT, AUTO_INCREMENT=107;

--
-- AUTO_INCREMENT for table `house_type`
--
ALTER TABLE `house_type`
  MODIFY `t_id` int(11) NOT NULL AUTO_INCREMENT, AUTO_INCREMENT=9;

--
-- AUTO_INCREMENT for table `house_views`
--
ALTER TABLE `house_views`
  MODIFY `id` int(11) NOT NULL AUTO_INCREMENT, AUTO_INCREMENT=192;

--
-- AUTO_INCREMENT for table `image_embeddings`
--
ALTER TABLE `image_embeddings`
  MODIFY `id` int(11) NOT NULL AUTO_INCREMENT, AUTO_INCREMENT=32;

--
-- AUTO_INCREMENT for table `project`
--
ALTER TABLE `project`
  MODIFY `p_id` int(11) NOT NULL AUTO_INCREMENT, AUTO_INCREMENT=10;

--
-- Constraints for dumped tables
--

--
-- Constraints for table `house`
--
ALTER TABLE `house`
  ADD CONSTRAINT `house_ibfk_1` FOREIGN KEY (`t_id`) REFERENCES `house_type` (`t_id`) ON DELETE SET NULL,
  ADD CONSTRAINT `house_ibfk_2` FOREIGN KEY (`f_id`) REFERENCES `house_features` (`f_id`) ON DELETE SET NULL;

--
-- Constraints for table `house_images`
--
ALTER TABLE `house_images`
  ADD CONSTRAINT `house_images_ibfk_1` FOREIGN KEY (`house_id`) REFERENCES `house` (`h_id`) ON DELETE CASCADE;

--
-- Constraints for table `house_views`
--
ALTER TABLE `house_views`
  ADD CONSTRAINT `fk_house_views_house` FOREIGN KEY (`house_id`) REFERENCES `house` (`h_id`) ON DELETE CASCADE;
COMMIT;

/*!40101 SET CHARACTER_SET_CLIENT=@OLD_CHARACTER_SET_CLIENT */;
/*!40101 SET CHARACTER_SET_RESULTS=@OLD_CHARACTER_SET_RESULTS */;
/*!40101 SET COLLATION_CONNECTION=@OLD_COLLATION_CONNECTION */;
